id,publicDate,source,coAuthorship,citationCount,refCount,Class
N0001,21/12/2018,1.5,14,5,54,BIOC
N0002,21/12/2018,1.5,3,33,50,BIOC
N0003,31/12/2018,1.5,7,5,61,BIOC
N0004,30/04/2018,1.5,8,5,29,BIOC
N0005,03/12/2018,1.5,14,5,47,BIOC
N0006,21/12/2018,1.5,5,4,52,BIOC
N0007,04/12/2018,1.5,10,5,49,BIOC
N0008,05/11/2018,1.5,10,5,36,BIOC
N0009,17/12/2018,1.5,7,5,71,BIOC
N0010,31/12/2018,1.5,8,5,62,BIOC
N0011,17/06/2019,1.5,11,5,65,BIOC
N0012,20/12/2019,1.5,12,4,71,BIOC
N0013,06/12/2019,1.5,9,5,16,BIOC
N0014,20/12/2019,1.5,11,1,90,BIOC
N0015,03/12/2019,1.5,9,5,38,BIOC
N0016,23/12/2019,1.5,6,5,86,BIOC
N0017,17/12/2019,1.5,9,5,43,BIOC
N0018,20/12/2019,1.5,2,2,61,BIOC
N0019,20/12/2019,1.5,13,5,48,BIOC
N0020,20/12/2019,1.5,12,5,61,BIOC
N0021,13/11/2020,1.5,9,33,61,BIOC
N0022,23/11/2020,1.5,7,2,36,BIOC
N0023,08/12/2020,1.5,2,2,92,BIOC
N0024,30/11/2020,1.5,4,1,38,BIOC
N0025,30/11/2020,1.5,7,2,56,BIOC
N0026,18/12/2020,1.5,11,5,76,BIOC
N0027,06/11/2020,1.5,15,1,62,BIOC
N0028,09/12/2020,1.5,7,2,79,BIOC
N0029,18/11/2020,1.5,13,5,27,BIOC
N0030,16/12/2020,1.5,3,4,75,BIOC
N0031,18/11/2021,1.5,15,5,95,BIOC
N0032,22/12/2021,1.5,4,5,62,BIOC
N0033,22/12/2021,1.5,6,5,75,BIOC
N0034,21/12/2021,1.5,12,5,61,BIOC
N0035,30/12/2021,1.5,6,1,88,BIOC
N0036,24/12/2021,1.5,6,5,64,BIOC
N0037,08/12/2021,1.5,6,4,37,BIOC
N0038,02/12/2021,1.5,14,2,42,BIOC
N0039,10/12/2021,1.5,7,2,49,BIOC
N0040,09/12/2021,1.5,12,3,100,BIOC
N0041,08/08/2022,1.5,28,3,73,BIOC
N0042,19/12/2022,1.5,5,2,52,BIOC
N0043,27/12/2022,1.5,14,1,64,BIOC
N0044,19/12/2022,1.5,12,2,45,BIOC
N0045,15/12/2022,1.5,31,33,50,BIOC
N0046,22/10/2022,1.5,11,1,40,BIOC
N0047,22/12/2022,1.5,13,33,46,BIOC
N0048,21/12/2022,1.5,21,5,117,BIOC
N0049,08/12/2022,1.5,34,33,82,BIOC
N0050,19/12/2022,1.5,7,5,64,BIOC
N0051,18/12/2023,1.5,7,33,43,BIOC
N0052,18/12/2023,1.5,12,33,73,BIOC
N0053,26/09/2023,1.5,31,33,73,BIOC
N0054,18/12/2023,1.5,12,33,33,BIOC
N0055,06/06/2023,1.5,5,1,97,BIOC
N0056,19/12/2023,1.5,7,33,77,BIOC
N0057,20/12/2023,1.5,5,33,67,BIOC
N0058,20/12/2023,1.5,14,1,60,BIOC
N0059,20/12/2023,1.5,19,33,60,BIOC
N0060,18/12/2023,1.5,30,2,58,BIOC
N0061,12/12/2018,1.5,8,5,83,PHYS
N0062,09/11/2018,1.5,7,4,58,PHYS
N0063,29/11/2018,1.5,4,5,42,PHYS
N0064,14/12/2018,1.5,7,33,7,PHYS
N0065,11/12/2018,1.5,6,5,56,PHYS
N0066,21/12/2018,1.5,5,4,52,PHYS
N0067,09/11/2018,1.5,4,4,69,PHYS
N0068,26/11/2018,1.5,8,5,66,PHYS
N0069,26/11/2018,1.5,2,5,40,PHYS
N0070,21/12/2018,1.5,9,5,57,PHYS
N0071,22/11/2019,1.5,5,5,30,PHYS
N0072,17/12/2019,1.5,6,5,37,PHYS
N0073,13/12/2019,1.5,3,5,31,PHYS
N0074,06/12/2019,1.5,24,4,44,PHYS
N0075,23/10/2019,1.5,20,5,27,PHYS
N0076,26/11/2019,1.5,3,5,109,PHYS
N0077,30/12/2019,1.5,5,33,27,PHYS
N0078,30/12/2019,1.5,5,1,26,PHYS
N0079,20/12/2019,1.5,7,33,63,PHYS
N0080,20/12/2019,1.5,5,5,53,PHYS
N0081,02/12/2020,1.5,9,5,51,PHYS
N0082,06/11/2020,1.5,11,5,30,PHYS
N0083,25/11/2020,1.5,6,4,72,PHYS
N0084,01/12/2020,1.5,4,4,70,PHYS
N0085,26/10/2020,1.5,8,3,85,PHYS
N0086,26/11/2020,1.5,9,3,81,PHYS
N0087,18/12/2020,1.5,3,3,61,PHYS
N0088,14/12/2020,1.5,8,5,17,PHYS
N0089,17/12/2020,1.5,9,2,63,PHYS
N0090,16/12/2020,1.5,3,4,75,PHYS
N0091,20/12/2021,1.5,7,5,63,PHYS
N0092,10/12/2021,1.5,3,2,53,PHYS
N0093,29/11/2021,1.5,4,4,64,PHYS
N0094,30/11/2021,1.5,6,4,45,PHYS
N0095,24/11/2021,1.5,8,5,41,PHYS
N0096,01/12/2021,1.5,7,1,65,PHYS
N0097,15/11/2021,1.5,3,4,48,PHYS
N0098,23/12/2021,1.5,14,5,51,PHYS
N0099,22/12/2021,1.5,10,4,40,PHYS
N0100,22/12/2021,1.5,8,3,54,PHYS
N0101,24/12/2022,1.5,19,1,84,PHYS
N0102,21/12/2022,1.5,17,4,63,PHYS
N0103,06/12/2022,1.5,8,33,81,PHYS
N0104,29/12/2022,1.5,47,5,69,PHYS
N0105,05/12/2022,1.5,8,33,95,PHYS
N0106,30/12/2022,1.5,8,33,51,PHYS
N0107,29/12/2022,1.5,5,1,82,PHYS
N0108,15/12/2022,1.5,2,2,13,PHYS
N0109,28/12/2022,1.5,7,5,59,PHYS
N0110,14/11/2022,1.5,7,1,57,PHYS
N0111,06/06/2023,1.5,5,1,97,PHYS
N0112,19/12/2023,1.5,4,33,84,PHYS
N0113,17/02/2023,1.5,4,33,56,PHYS
N0114,11/12/2023,1.5,3,1,85,PHYS
N0115,16/12/2023,1.5,12,1,64,PHYS
N0116,10/12/2023,1.5,6,33,49,PHYS
N0117,04/12/2023,1.5,8,1,49,PHYS
N0118,13/11/2023,1.5,7,33,77,PHYS
N0119,21/11/2023,1.5,3,33,51,PHYS
N0120,21/11/2023,1.5,15,33,75,PHYS
N0121,10/12/2018,1.5,15,5,50,MEDI
N0122,30/04/2018,1.5,8,5,29,MEDI
N0123,05/11/2018,1.5,11,33,37,MEDI
N0124,20/12/2018,1.5,9,5,67,MEDI
N0125,03/12/2018,1.5,4,5,50,MEDI
N0126,10/12/2018,1.5,7,5,61,MEDI
N0127,21/12/2018,1.5,31,5,71,MEDI
N0128,11/12/2018,1.5,9,4,56,MEDI
N0129,07/09/2018,1.5,10,5,22,MEDI
N0130,26/11/2018,1.5,4,5,44,MEDI
N0131,19/12/2019,1.5,5,5,52,MEDI
N0132,26/11/2019,1.5,5,1,26,MEDI
N0133,11/12/2019,1.5,11,5,52,MEDI
N0134,26/04/2019,1.5,10,5,52,MEDI
N0135,19/12/2019,1.5,5,5,35,MEDI
N0136,04/12/2019,1.5,5,5,48,MEDI
N0137,27/11/2019,1.5,14,5,69,MEDI
N0138,23/12/2019,1.5,11,5,40,MEDI
N0139,06/12/2019,1.5,6,5,68,MEDI
N0140,18/11/2019,1.5,24,5,53,MEDI
N0141,28/10/2020,1.5,7,5,54,MEDI
N0142,20/02/2020,1.5,13,33,70,MEDI
N0143,10/01/2020,1.5,7,4,60,MEDI
N0144,14/12/2020,1.5,8,5,62,MEDI
N0145,14/12/2020,1.5,13,5,52,MEDI
N0146,07/12/2020,1.5,14,4,44,MEDI
N0147,08/12/2020,1.5,9,5,59,MEDI
N0148,03/12/2020,1.5,7,1,46,MEDI
N0149,01/12/2020,1.5,8,3,72,MEDI
N0150,10/11/2020,1.5,9,5,58,MEDI
N0151,22/12/2021,1.5,10,1,72,MEDI
N0152,16/12/2021,1.5,16,3,55,MEDI
N0153,08/12/2021,1.5,12,5,50,MEDI
N0154,09/12/2021,1.5,3,1,22,MEDI
N0155,10/12/2021,1.5,13,33,74,MEDI
N0156,14/12/2021,1.5,8,33,35,MEDI
N0157,30/12/2021,1.5,6,5,53,MEDI
N0158,30/12/2021,1.5,6,1,88,MEDI
N0159,08/12/2021,1.5,8,2,82,MEDI
N0160,09/12/2021,1.5,2,1,26,MEDI
N0161,28/10/2022,1.5,17,5,52,MEDI
N0162,26/12/2022,1.5,22,33,93,MEDI
N0163,29/12/2022,1.5,6,2,52,MEDI
N0164,22/12/2022,1.5,17,5,73,MEDI
N0165,24/12/2022,1.5,8,2,34,MEDI
N0166,03/12/2022,1.5,16,33,60,MEDI
N0167,29/12/2022,1.5,28,4,61,MEDI
N0168,30/12/2022,1.5,8,33,51,MEDI
N0169,05/11/2022,1.5,33,5,83,MEDI
N0170,27/12/2022,1.5,17,5,62,MEDI
N0171,29/12/2023,1.5,12,2,49,MEDI
N0172,11/12/2023,1.5,30,33,70,MEDI
N0173,21/12/2023,1.5,10,33,74,MEDI
N0174,05/12/2023,1.5,10,33,66,MEDI
N0175,22/12/2023,1.5,30,33,58,MEDI
N0176,15/12/2023,1.5,21,33,78,MEDI
N0177,19/12/2023,1.5,17,33,101,MEDI
N0178,20/12/2023,1.5,8,33,55,MEDI
N0179,27/11/2023,1.5,6,33,57,MEDI
N0180,02/12/2023,1.5,11,33,71,MEDI
N0181,21/12/2018,1.5,25,5,32,MEDI
N0182,31/12/2018,1.5,19,5,70,MEDI
N0183,04/12/2018,1.5,14,5,49,MEDI
N0184,21/12/2018,1.5,14,5,46,MEDI
N0185,07/11/2018,1.5,23,5,24,MEDI
N0186,19/12/2018,1.5,35,5,35,MEDI
N0187,27/11/2018,1.5,13,5,57,MEDI
N0188,21/12/2018,1.5,16,5,34,MEDI
N0189,16/11/2018,1.5,22,5,65,MEDI
N0190,18/12/2018,1.5,18,5,59,MEDI
N0191,20/12/2019,1.5,24,5,53,MEDI
N0192,12/12/2019,1.5,32,5,43,MEDI
N0193,28/11/2019,1.5,21,5,56,MEDI
N0194,28/11/2019,1.5,9,5,74,MEDI
N0195,20/12/2019,1.5,13,5,48,MEDI
N0196,16/12/2019,1.5,20,5,72,MEDI
N0197,29/11/2019,1.5,10,5,33,MEDI
N0198,29/11/2019,1.5,40,5,37,MEDI
N0199,20/12/2019,1.5,23,5,57,MEDI
N0200,09/12/2019,1.5,21,5,54,MEDI
N0201,16/12/2020,1.5,5,33,15,MEDI
N0202,22/12/2020,1.5,8,5,43,MEDI
N0203,22/12/2020,1.5,13,5,70,MEDI
N0204,23/12/2020,1.5,15,5,44,MEDI
N0205,10/12/2020,1.5,28,5,96,MEDI
N0206,09/12/2020,1.5,19,5,52,MEDI
N0207,09/12/2020,1.5,19,5,57,MEDI
N0208,11/12/2020,1.5,9,5,66,MEDI
N0209,07/12/2020,1.5,12,5,71,MEDI
N0210,08/12/2020,1.5,19,5,64,MEDI
N0211,01/12/2021,1.5,22,5,9,MEDI
N0212,17/12/2021,1.5,21,5,64,MEDI
N0213,15/12/2021,1.5,20,5,32,MEDI
N0214,15/12/2021,1.5,26,5,118,MEDI
N0215,24/12/2021,1.5,22,5,74,MEDI
N0216,14/12/2021,1.5,29,5,83,MEDI
N0217,15/04/2021,1.5,24,2,36,MEDI
N0218,13/12/2021,1.5,9,33,66,MEDI
N0219,02/12/2021,1.5,14,5,66,MEDI
N0220,15/12/2021,1.5,10,5,66,MEDI
N0221,29/12/2022,1.5,22,4,73,MEDI
N0222,29/12/2022,1.5,15,2,71,MEDI
N0223,30/12/2022,1.5,26,5,70,MEDI
N0224,30/12/2022,1.5,52,5,72,MEDI
N0225,30/12/2022,1.5,26,1,71,MEDI
N0226,03/12/2022,1.5,9,33,51,MEDI
N0227,26/12/2022,1.5,9,4,38,MEDI
N0228,22/12/2022,1.5,15,33,49,MEDI
N0229,27/12/2022,1.5,19,33,61,MEDI
N0230,07/12/2022,1.5,17,5,50,MEDI
N0231,16/12/2023,1.5,11,33,93,MEDI
N0232,19/12/2023,1.5,22,33,44,MEDI
N0233,09/12/2023,1.5,23,33,46,MEDI
N0234,12/12/2023,1.5,21,1,70,MEDI
N0235,14/12/2023,1.5,14,33,44,MEDI
N0236,15/12/2023,1.5,21,33,78,MEDI
N0237,20/12/2023,1.5,14,1,80,MEDI
N0238,27/12/2023,1.5,29,3,58,MEDI
N0239,18/12/2023,1.5,34,33,65,MEDI
N0240,08/12/2023,1.5,21,33,64,MEDI
N0241,18/12/2018,1.5,2,5,78,MEDI
N0242,10/12/2018,1.5,7,5,61,MEDI
N0243,04/12/2018,1.5,6,3,21,MEDI
N0244,21/12/2018,1.5,16,5,70,MEDI
N0245,26/11/2018,1.5,10,2,64,MEDI
N0246,31/12/2018,1.5,19,5,70,MEDI
N0247,07/12/2018,1.5,5,5,63,MEDI
N0248,17/12/2018,1.5,22,4,70,MEDI
N0249,17/12/2018,1.5,7,5,44,MEDI
N0250,21/12/2018,1.5,7,2,66,MEDI
N0251,11/12/2019,1.5,13,5,68,MEDI
N0252,16/12/2019,1.5,13,5,65,MEDI
N0253,11/12/2019,1.5,54,5,43,MEDI
N0254,10/12/2019,1.5,13,5,90,MEDI
N0255,19/12/2019,1.5,13,5,44,MEDI
N0256,22/11/2019,1.5,2,5,44,MEDI
N0257,23/12/2019,1.5,11,4,65,MEDI
N0258,23/12/2019,1.5,14,4,63,MEDI
N0259,11/12/2019,1.5,4,5,37,MEDI
N0260,03/12/2019,1.5,11,33,40,MEDI
N0261,17/12/2020,1.5,9,2,63,MEDI
N0262,23/12/2020,1.5,15,5,44,MEDI
N0263,11/12/2020,1.5,13,5,60,MEDI
N0264,14/12/2020,1.5,9,5,75,MEDI
N0265,30/10/2020,1.5,15,5,54,MEDI
N0266,02/11/2020,1.5,6,2,81,MEDI
N0267,25/11/2020,1.5,6,4,72,MEDI
N0268,01/12/2020,1.5,4,4,70,MEDI
N0269,01/12/2020,1.5,18,5,55,MEDI
N0270,22/12/2020,1.5,5,5,67,MEDI
N0271,15/12/2021,1.5,7,5,27,MEDI
N0272,10/12/2021,1.5,8,33,61,MEDI
N0273,09/12/2021,1.5,8,5,46,MEDI
N0274,15/12/2021,1.5,8,5,38,MEDI
N0275,10/12/2021,1.5,16,1,110,MEDI
N0276,01/12/2021,1.5,5,1,84,MEDI
N0277,30/11/2021,1.5,7,5,37,MEDI
N0278,29/11/2021,1.5,7,5,82,MEDI
N0279,06/12/2021,1.5,8,5,89,MEDI
N0280,26/11/2021,1.5,12,33,48,MEDI
N0281,22/12/2022,1.5,19,1,122,MEDI
N0282,27/12/2022,1.5,7,5,78,MEDI
N0283,17/12/2022,1.5,16,2,70,MEDI
N0284,23/12/2022,1.5,8,33,56,MEDI
N0285,21/12/2022,1.5,20,4,63,MEDI
N0286,19/12/2022,1.5,9,5,52,MEDI
N0287,19/12/2022,1.5,25,5,52,MEDI
N0288,19/12/2022,1.5,7,5,64,MEDI
N0289,12/12/2022,1.5,11,5,64,MEDI
N0290,29/12/2022,1.5,6,2,57,MEDI
N0291,20/12/2023,1.5,6,33,17,MEDI
N0292,15/12/2023,1.5,10,1,67,MEDI
N0293,21/12/2023,1.5,21,33,93,MEDI
N0294,15/04/2023,1.5,16,4,74,MEDI
N0295,15/12/2023,1.5,21,33,44,MEDI
N0296,20/12/2023,1.5,6,33,52,MEDI
N0297,20/12/2023,1.5,5,33,64,MEDI
N0298,20/12/2023,1.5,14,33,102,MEDI
N0299,19/12/2023,1.5,31,33,116,MEDI
N0300,20/12/2023,1.5,10,1,65,MEDI
N0301,31/12/2018,1.5,18,5,55,BIOC
N0302,31/12/2018,1.5,4,5,24,BIOC
N0303,17/12/2018,1.5,7,5,45,BIOC
N0304,31/12/2018,1.5,14,4,58,BIOC
N0305,26/11/2018,1.5,10,3,53,BIOC
N0306,10/12/2018,1.5,12,5,45,BIOC
N0307,10/12/2018,1.5,16,5,49,BIOC
N0308,10/12/2018,1.5,7,5,59,BIOC
N0309,10/12/2018,1.5,19,5,60,BIOC
N0310,05/11/2018,1.5,11,33,37,BIOC
N0311,17/05/2019,1.5,9,5,52,BIOC
N0312,23/12/2019,1.5,10,5,65,BIOC
N0313,23/12/2019,1.5,9,3,17,BIOC
N0314,27/12/2019,1.5,6,2,16,BIOC
N0315,16/12/2019,1.5,5,33,50,BIOC
N0316,23/12/2019,1.5,6,3,59,BIOC
N0317,25/11/2019,1.5,10,5,56,BIOC
N0318,09/12/2019,1.5,15,5,58,BIOC
N0319,09/12/2019,1.5,42,5,58,BIOC
N0320,16/12/2019,1.5,21,5,61,BIOC
N0321,08/12/2020,1.5,7,1,21,BIOC
N0322,07/12/2020,1.5,7,5,63,BIOC
N0323,30/11/2020,1.5,4,1,38,BIOC
N0324,05/10/2020,1.5,4,33,28,BIOC
N0325,22/12/2020,1.5,11,2,56,BIOC
N0326,21/12/2020,1.5,12,5,86,BIOC
N0327,21/12/2020,1.5,9,5,56,BIOC
N0328,07/12/2020,1.5,10,2,30,BIOC
N0329,07/12/2020,1.5,16,4,60,BIOC
N0330,27/11/2020,1.5,16,5,49,BIOC
N0331,18/11/2021,1.5,15,5,95,BIOC
N0332,30/12/2021,1.5,13,3,58,BIOC
N0333,15/04/2021,1.5,24,2,36,BIOC
N0334,30/12/2021,1.5,5,33,50,BIOC
N0335,23/12/2021,1.5,9,3,49,BIOC
N0336,23/12/2021,1.5,17,1,50,BIOC
N0337,21/12/2021,1.5,13,5,54,BIOC
N0338,23/12/2021,1.5,17,5,48,BIOC
N0339,22/12/2021,1.5,7,3,60,BIOC
N0340,22/12/2021,1.5,11,2,59,BIOC
N0341,28/12/2022,1.5,25,3,59,BIOC
N0342,19/12/2022,1.5,10,1,53,BIOC
N0343,22/12/2022,1.5,4,33,36,BIOC
N0344,22/12/2022,1.5,7,5,46,BIOC
N0345,08/08/2022,1.5,28,3,73,BIOC
N0346,28/12/2022,1.5,11,1,59,BIOC
N0347,08/12/2022,1.5,9,33,59,BIOC
N0348,05/12/2022,1.5,4,4,53,BIOC
N0349,12/12/2022,1.5,5,1,43,BIOC
N0350,31/10/2022,1.5,4,1,46,BIOC
N0351,28/12/2023,1.5,10,1,42,BIOC
N0352,18/12/2023,1.5,12,33,33,BIOC
N0353,20/12/2023,1.5,14,1,60,BIOC
N0354,06/06/2023,1.5,5,1,97,BIOC
N0355,20/12/2023,1.5,5,33,67,BIOC
N0356,07/12/2023,1.5,8,2,63,BIOC
N0357,11/12/2023,1.5,7,33,65,BIOC
N0358,11/12/2023,1.5,9,33,66,BIOC
N0359,16/12/2023,1.5,6,33,54,BIOC
N0360,01/12/2023,1.5,8,1,125,BIOC
N0361,17/12/2018,1.5,5,5,57,CHEM
N0362,17/12/2018,1.5,4,5,54,CHEM
N0363,10/12/2018,1.5,12,5,34,CHEM
N0364,14/12/2018,1.5,3,2,40,CHEM
N0365,06/12/2018,1.5,3,5,54,CHEM
N0366,31/12/2018,1.5,12,2,61,CHEM
N0367,27/11/2018,1.5,9,5,67,CHEM
N0368,10/12/2018,1.5,4,3,31,CHEM
N0369,10/12/2018,1.5,5,5,50,CHEM
N0370,31/12/2018,1.5,11,5,60,CHEM
N0371,23/12/2019,1.5,10,5,65,CHEM
N0372,09/12/2019,1.5,4,5,52,CHEM
N0373,12/12/2019,1.5,6,3,70,CHEM
N0374,11/12/2019,1.5,6,33,40,CHEM
N0375,02/12/2019,1.5,5,5,50,CHEM
N0376,27/11/2019,1.5,2,4,53,CHEM
N0377,02/12/2019,1.5,9,5,44,CHEM
N0378,11/12/2019,1.5,2,3,30,CHEM
N0379,11/11/2019,1.5,3,5,38,CHEM
N0380,16/12/2019,1.5,21,33,41,CHEM
N0381,09/12/2020,1.5,4,2,49,CHEM
N0382,22/12/2020,1.5,10,2,30,CHEM
N0383,22/12/2020,1.5,11,33,64,CHEM
N0384,14/12/2020,1.5,19,2,44,CHEM
N0385,30/11/2020,1.5,10,1,34,CHEM
N0386,14/12/2020,1.5,13,4,69,CHEM
N0387,14/12/2020,1.5,8,5,52,CHEM
N0388,09/12/2020,1.5,5,33,36,CHEM
N0389,23/11/2020,1.5,6,4,54,CHEM
N0390,23/11/2020,1.5,4,3,48,CHEM
N0391,18/11/2021,1.5,15,5,95,CHEM
N0392,15/12/2021,1.5,5,4,48,CHEM
N0393,25/03/2021,1.5,13,5,43,CHEM
N0394,08/12/2021,1.5,5,1,46,CHEM
N0395,07/12/2021,1.5,4,33,54,CHEM
N0396,16/12/2021,1.5,13,2,34,CHEM
N0397,10/12/2021,1.5,9,2,60,CHEM
N0398,18/11/2021,1.5,9,33,50,CHEM
N0399,15/12/2021,1.5,6,33,64,CHEM
N0400,02/12/2021,1.5,6,1,37,CHEM
N0401,06/12/2022,1.5,4,5,42,CHEM
N0402,23/12/2022,1.5,5,33,44,CHEM
N0403,22/12/2022,1.5,8,33,65,CHEM
N0404,10/12/2022,1.5,9,1,53,CHEM
N0405,27/12/2022,1.5,13,2,59,CHEM
N0406,22/12/2022,1.5,10,3,54,CHEM
N0407,22/12/2022,1.5,3,2,35,CHEM
N0408,23/12/2022,1.5,4,1,47,CHEM
N0409,30/12/2022,1.5,8,33,81,CHEM
N0410,21/12/2022,1.5,5,5,43,CHEM
N0411,06/04/2023,1.5,4,33,50,CHEM
N0412,18/12/2023,1.5,7,33,43,CHEM
N0413,18/12/2023,1.5,12,33,33,CHEM
N0414,21/12/2023,1.5,8,33,70,CHEM
N0415,09/12/2023,1.5,7,33,28,CHEM
N0416,08/12/2023,1.5,3,33,68,CHEM
N0417,19/12/2023,1.5,7,1,21,CHEM
N0418,21/12/2023,1.5,4,33,53,CHEM
N0419,13/12/2023,1.5,5,33,48,CHEM
N0420,13/12/2023,1.5,6,33,67,CHEM
N0421,10/12/2018,1.5,16,5,109,COMP
N0422,26/11/2018,1.5,2,5,35,COMP
N0423,30/11/2018,1.5,5,5,47,COMP
N0424,26/11/2018,1.5,10,1,48,COMP
N0425,17/12/2018,1.5,39,5,63,COMP
N0426,21/12/2018,1.5,6,2,70,COMP
N0427,26/11/2018,1.5,21,5,70,COMP
N0428,26/11/2018,1.5,9,5,39,COMP
N0429,01/10/2018,1.5,23,5,21,COMP
N0430,17/12/2018,1.5,22,5,17,COMP
N0431,09/12/2019,1.5,7,33,38,COMP
N0432,09/12/2019,1.5,12,5,32,COMP
N0433,03/12/2019,1.5,15,5,52,COMP
N0434,20/12/2019,1.5,24,5,39,COMP
N0435,23/12/2019,1.5,4,5,49,COMP
N0436,17/12/2019,1.5,4,1,24,COMP
N0437,25/11/2019,1.5,32,5,60,COMP
N0438,10/12/2019,1.5,3,5,67,COMP
N0439,09/12/2019,1.5,7,5,67,COMP
N0440,06/12/2019,1.5,4,5,53,COMP
N0441,21/12/2020,1.5,31,5,89,COMP
N0442,08/07/2020,1.5,31,5,76,COMP
N0443,13/02/2020,1.5,2,5,65,COMP
N0444,17/11/2020,1.5,3,4,44,COMP
N0445,21/12/2020,1.5,20,5,54,COMP
N0446,07/12/2020,1.5,5,33,49,COMP
N0447,11/12/2020,1.5,5,5,62,COMP
N0448,11/12/2020,1.5,9,5,66,COMP
N0449,11/12/2020,1.5,3,5,75,COMP
N0450,20/11/2020,1.5,12,5,105,COMP
N0451,11/10/2021,1.5,8,3,38,COMP
N0452,24/11/2021,1.5,28,5,32,COMP
N0453,07/12/2021,1.5,9,1,17,COMP
N0454,03/12/2021,1.5,9,5,43,COMP
N0455,23/12/2021,1.5,5,4,56,COMP
N0456,16/12/2021,1.5,5,3,102,COMP
N0457,16/12/2021,1.5,6,3,76,COMP
N0458,10/12/2021,1.5,8,3,78,COMP
N0459,14/12/2021,1.5,3,5,54,COMP
N0460,07/12/2021,1.5,35,3,66,COMP
N0461,22/12/2022,1.5,2,4,8,COMP
N0462,22/12/2022,1.5,3,33,7,COMP
N0463,31/12/2022,1.5,2,5,37,COMP
N0464,30/12/2022,1.5,8,4,40,COMP
N0465,11/11/2022,1.5,6,1,46,COMP
N0466,27/12/2022,1.5,4,5,68,COMP
N0467,22/12/2022,1.5,8,33,72,COMP
N0468,19/12/2022,1.5,25,2,114,COMP
N0469,23/12/2022,1.5,5,33,91,COMP
N0470,19/12/2022,1.5,3,5,39,COMP
N0471,26/12/2023,1.5,7,33,75,COMP
N0472,18/09/2023,1.5,4,33,39,COMP
N0473,20/12/2023,1.5,2,33,72,COMP
N0474,14/12/2023,1.5,4,1,55,COMP
N0475,13/12/2023,1.5,4,33,70,COMP
N0476,13/12/2023,1.5,9,1,14,COMP
N0477,18/12/2023,1.5,4,33,88,COMP
N0478,11/12/2023,1.5,10,33,43,COMP
N0479,16/11/2023,1.5,11,1,50,COMP
N0480,09/12/2023,1.5,2,1,47,COMP
N0481,21/12/2018,1.5,15,5,23,MEDI
N0482,17/12/2018,1.5,17,5,56,MEDI
N0483,31/12/2018,1.5,60,5,58,MEDI
N0484,31/12/2018,1.5,18,5,55,MEDI
N0485,21/12/2018,1.5,90,5,100,MEDI
N0486,21/12/2018,1.5,102,5,101,MEDI
N0487,12/11/2018,1.5,17,5,40,MEDI
N0488,26/11/2018,1.5,168,5,74,MEDI
N0489,06/12/2018,1.5,33,5,52,MEDI
N0490,21/12/2018,1.5,22,5,40,MEDI
N0491,19/12/2019,1.5,9,3,82,MEDI
N0492,27/12/2019,1.5,4,33,26,MEDI
N0493,29/11/2019,1.5,10,5,33,MEDI
N0494,12/12/2019,1.5,32,5,43,MEDI
N0495,18/12/2019,1.5,25,5,95,MEDI
N0496,23/12/2019,1.5,18,33,21,MEDI
N0497,30/12/2019,1.5,8,3,38,MEDI
N0498,28/05/2019,1.5,4,3,16,MEDI
N0499,11/12/2019,1.5,54,5,43,MEDI
N0500,27/12/2019,1.5,5,33,25,MEDI
N0501,16/12/2020,1.5,1,5,77,MEDI
N0502,24/12/2020,1.5,38,5,66,MEDI
N0503,13/11/2020,1.5,7,1,30,MEDI
N0504,14/12/2020,1.5,51,5,36,MEDI
N0505,23/12/2020,1.5,6,33,8,MEDI
N0506,31/12/2020,1.5,13,2,32,MEDI
N0507,14/12/2020,1.5,2,1,4,MEDI
N0508,28/12/2020,1.5,9,1,30,MEDI
N0509,20/10/2020,1.5,11,5,18,MEDI
N0510,22/12/2020,1.5,9,5,55,MEDI
N0511,15/12/2021,1.5,20,5,32,MEDI
N0512,17/12/2021,1.5,35,5,33,MEDI
N0513,22/11/2021,1.5,5,3,47,MEDI
N0514,09/12/2021,1.5,13,5,60,MEDI
N0515,31/12/2021,1.5,12,4,40,MEDI
N0516,20/12/2021,1.5,15,5,28,MEDI
N0517,15/12/2021,1.5,29,3,46,MEDI
N0518,08/12/2021,1.5,6,5,63,MEDI
N0519,06/12/2021,1.5,18,5,41,MEDI
N0520,06/12/2021,1.5,196,5,126,MEDI
N0521,29/12/2022,1.5,15,2,73,MEDI
N0522,01/02/2022,1.5,12,3,31,MEDI
N0523,15/11/2022,1.5,12,3,28,MEDI
N0524,26/01/2022,1.5,257,5,76,MEDI
N0525,21/12/2022,1.5,7,1,18,MEDI
N0526,07/11/2022,1.5,4,5,22,MEDI
N0527,30/12/2022,1.5,14,5,43,MEDI
N0528,29/12/2022,1.5,39,5,42,MEDI
N0529,29/12/2022,1.5,16,3,48,MEDI
N0530,29/12/2022,1.5,54,1,37,MEDI
N0531,28/08/2023,1.5,10,1,21,MEDI
N0532,30/11/2023,1.5,12,1,12,MEDI
N0533,09/12/2023,1.5,23,33,46,MEDI
N0534,12/12/2023,1.5,21,1,70,MEDI
N0535,18/12/2023,1.5,13,33,70,MEDI
N0536,14/12/2023,1.5,8,33,46,MEDI
N0537,28/12/2023,1.5,20,2,59,MEDI
N0538,06/12/2023,1.5,9,1,26,MEDI
N0539,22/11/2023,1.5,6,33,18,MEDI
N0540,30/12/2023,1.5,15,2,29,MEDI
N0541,24/12/2018,1.5,8,3,32,MEDI
N0542,19/11/2018,1.5,20,5,69,MEDI
N0543,26/11/2018,1.5,22,5,57,MEDI
N0544,29/10/2018,1.5,8,5,23,MEDI
N0545,03/12/2018,1.5,33,5,61,MEDI
N0546,10/12/2018,1.5,9,5,89,MEDI
N0547,17/12/2018,1.5,6,2,10,MEDI
N0548,13/12/2018,1.5,12,1,54,MEDI
N0549,26/11/2018,1.5,10,1,50,MEDI
N0550,12/12/2018,1.5,23,5,53,MEDI
N0551,23/12/2019,1.5,10,5,65,MEDI
N0552,19/12/2019,1.5,18,5,53,MEDI
N0553,05/12/2019,1.5,10,1,56,MEDI
N0554,16/12/2019,1.5,21,5,61,MEDI
N0555,08/11/2019,1.5,3,5,74,MEDI
N0556,26/11/2019,1.5,13,3,35,MEDI
N0557,26/11/2019,1.5,5,5,70,MEDI
N0558,31/12/2019,1.5,9,33,49,MEDI
N0559,02/12/2019,1.5,25,5,64,MEDI
N0560,17/12/2019,1.5,30,3,38,MEDI
N0561,14/12/2020,1.5,19,2,44,MEDI
N0562,25/11/2020,1.5,14,5,37,MEDI
N0563,09/12/2020,1.5,29,5,44,MEDI
N0564,26/10/2020,1.5,6,1,23,MEDI
N0565,16/11/2020,1.5,12,5,53,MEDI
N0566,23/12/2020,1.5,18,5,52,MEDI
N0567,15/12/2020,1.5,11,5,70,MEDI
N0568,01/12/2020,1.5,5,3,38,MEDI
N0569,21/10/2020,1.5,20,5,43,MEDI
N0570,14/12/2020,1.5,9,33,29,MEDI
N0571,13/12/2021,1.5,61,5,46,MEDI
N0572,15/04/2021,1.5,24,2,36,MEDI
N0573,29/12/2021,1.5,3,33,33,MEDI
N0574,30/12/2021,1.5,14,5,51,MEDI
N0575,30/12/2021,1.5,5,2,71,MEDI
N0576,23/12/2021,1.5,21,5,50,MEDI
N0577,16/12/2021,1.5,21,1,37,MEDI
N0578,14/12/2021,1.5,15,5,55,MEDI
N0579,15/12/2021,1.5,20,5,45,MEDI
N0580,15/12/2021,1.5,24,4,37,MEDI
N0581,12/05/2022,1.5,2,2,42,MEDI
N0582,23/12/2022,1.5,8,33,56,MEDI
N0583,21/11/2022,1.5,12,3,98,MEDI
N0584,29/12/2022,1.5,7,1,36,MEDI
N0585,03/10/2022,1.5,6,1,48,MEDI
N0586,26/12/2022,1.5,12,1,116,MEDI
N0587,19/12/2022,1.5,15,33,46,MEDI
N0588,16/12/2022,1.5,7,33,27,MEDI
N0589,22/12/2022,1.5,19,4,62,MEDI
N0590,22/12/2022,1.5,17,5,73,MEDI
N0591,27/12/2023,1.5,29,3,58,MEDI
N0592,14/12/2023,1.5,8,33,65,MEDI
N0593,15/12/2023,1.5,19,33,96,MEDI
N0594,08/12/2023,1.5,10,33,61,MEDI
N0595,30/11/2023,1.5,4,1,37,MEDI
N0596,06/12/2023,1.5,15,33,74,MEDI
N0597,05/12/2023,1.5,8,33,44,MEDI
N0598,21/11/2023,1.5,6,33,94,MEDI
N0599,20/12/2023,1.5,7,33,37,MEDI
N0600,14/12/2023,1.5,15,33,44,MEDI
N0601,24/09/2018,1.5,6,5,54,MEDI
N0602,31/12/2018,1.5,25,5,76,MEDI
N0603,21/12/2018,1.5,102,5,101,MEDI
N0604,19/12/2018,1.5,8,5,43,MEDI
N0605,20/12/2018,1.5,8,5,70,MEDI
N0606,19/12/2018,1.5,50,5,61,MEDI
N0607,26/11/2018,1.5,2,5,35,MEDI
N0608,26/11/2018,1.5,3,5,55,MEDI
N0609,04/12/2018,1.5,10,2,79,MEDI
N0610,03/12/2018,1.5,2,5,56,MEDI
N0611,29/07/2019,1.5,15,5,54,MEDI
N0612,23/12/2019,1.5,6,4,9,MEDI
N0613,16/12/2019,1.5,8,4,2,MEDI
N0614,19/12/2019,1.5,5,5,52,MEDI
N0615,30/05/2019,1.5,5,5,65,MEDI
N0616,17/12/2019,1.5,22,5,79,MEDI
N0617,29/11/2019,1.5,40,5,37,MEDI
N0618,20/12/2019,1.5,5,5,48,MEDI
N0619,26/04/2019,1.5,10,5,52,MEDI
N0620,17/12/2019,1.5,14,5,76,MEDI
N0621,28/10/2020,1.5,7,5,54,MEDI
N0622,08/07/2020,1.5,31,5,76,MEDI
N0623,18/08/2020,1.5,8,33,80,MEDI
N0624,11/12/2020,1.5,21,5,44,MEDI
N0625,21/12/2020,1.5,13,5,47,MEDI
N0626,14/12/2020,1.5,4,5,27,MEDI
N0627,23/12/2020,1.5,55,5,81,MEDI
N0628,23/11/2020,1.5,286,5,72,MEDI
N0629,16/12/2020,1.5,33,2,66,MEDI
N0630,08/12/2020,1.5,50,5,99,MEDI
N0631,04/11/2021,1.5,7,5,128,MEDI
N0632,05/08/2021,1.5,8,5,65,MEDI
N0633,30/12/2021,1.5,9,4,115,MEDI
N0634,22/12/2021,1.5,10,5,47,MEDI
N0635,21/12/2021,1.5,8,5,60,MEDI
N0636,15/12/2021,1.5,10,4,77,MEDI
N0637,13/12/2021,1.5,11,5,80,MEDI
N0638,25/11/2021,1.5,6,1,11,MEDI
N0639,22/12/2021,1.5,223,5,54,MEDI
N0640,09/12/2021,1.5,528,5,67,MEDI
N0641,14/07/2022,1.5,18,33,93,MEDI
N0642,28/10/2022,1.5,17,5,52,MEDI
N0643,29/12/2022,1.5,35,5,83,MEDI
N0644,12/12/2022,1.5,14,5,52,MEDI
N0645,22/12/2022,1.5,6,1,47,MEDI
N0646,23/07/2022,1.5,22,4,59,MEDI
N0647,19/12/2022,1.5,5,2,90,MEDI
N0648,20/12/2022,1.5,210,5,35,MEDI
N0649,22/12/2022,1.5,7,33,46,MEDI
N0650,22/12/2022,1.5,5,5,69,MEDI
N0651,06/12/2023,1.5,20,1,38,MEDI
N0652,16/12/2023,1.5,7,33,59,MEDI
N0653,07/12/2023,1.5,6,33,68,MEDI
N0654,13/12/2023,1.5,21,1,53,MEDI
N0655,14/12/2023,1.5,9,33,55,MEDI
N0656,20/12/2023,1.5,12,33,124,MEDI
N0657,19/12/2023,1.5,2,33,87,MEDI
N0658,13/12/2023,1.5,28,1,55,MEDI
N0659,06/12/2023,1.5,47,5,86,MEDI
N0660,18/12/2023,1.5,2,33,86,MEDI
N0661,26/11/2018,1.5,9,5,48,MEDI
N0662,21/12/2018,1.5,22,5,40,MEDI
N0663,17/12/2018,1.5,6,3,24,MEDI
N0664,11/12/2018,1.5,4,5,51,MEDI
N0665,20/12/2018,1.5,3,33,18,MEDI
N0666,05/11/2018,1.5,11,5,22,MEDI
N0667,21/11/2018,1.5,6,1,31,MEDI
N0668,24/12/2018,1.5,6,3,29,MEDI
N0669,04/12/2018,1.5,8,5,46,MEDI
N0670,14/12/2018,1.5,10,2,21,MEDI
N0671,28/05/2019,1.5,4,3,16,MEDI
N0672,27/12/2019,1.5,13,4,21,MEDI
N0673,27/12/2019,1.5,7,33,32,MEDI
N0674,13/12/2019,1.5,9,4,34,MEDI
N0675,27/12/2019,1.5,7,3,17,MEDI
N0676,27/12/2019,1.5,8,1,28,MEDI
N0677,24/12/2019,1.5,4,2,66,MEDI
N0678,31/12/2019,1.5,13,1,37,MEDI
N0679,23/12/2019,1.5,8,5,40,MEDI
N0680,13/12/2019,1.5,13,33,46,MEDI
N0681,16/12/2020,1.5,1,5,77,MEDI
N0682,20/11/2020,1.5,19,5,18,MEDI
N0683,12/11/2020,1.5,10,4,47,MEDI
N0684,20/10/2020,1.5,11,5,18,MEDI
N0685,31/12/2020,1.5,11,3,20,MEDI
N0686,28/12/2020,1.5,7,5,10,MEDI
N0687,03/11/2020,1.5,7,5,34,MEDI
N0688,15/12/2020,1.5,16,5,87,MEDI
N0689,18/12/2020,1.5,16,2,30,MEDI
N0690,18/12/2020,1.5,4,2,26,MEDI
N0691,14/12/2021,1.5,9,4,35,MEDI
N0692,09/12/2021,1.5,528,5,67,MEDI
N0693,10/12/2021,1.5,18,5,33,MEDI
N0694,21/12/2021,1.5,9,33,28,MEDI
N0695,08/12/2021,1.5,4,33,25,MEDI
N0696,31/12/2021,1.5,3,33,42,MEDI
N0697,13/12/2021,1.5,7,3,43,MEDI
N0698,21/12/2021,1.5,7,3,27,MEDI
N0699,16/12/2021,1.5,22,5,53,MEDI
N0700,10/12/2021,1.5,5,5,46,MEDI
N0701,29/12/2022,1.5,7,1,21,MEDI
N0702,15/12/2022,1.5,35,4,66,MEDI
N0703,07/11/2022,1.5,4,5,22,MEDI
N0704,16/12/2022,1.5,4,1,52,MEDI
N0705,29/12/2022,1.5,7,33,15,MEDI
N0706,30/12/2022,1.5,3,33,38,MEDI
N0707,28/11/2022,1.5,8,1,27,MEDI
N0708,18/10/2022,1.5,22,4,15,MEDI
N0709,26/12/2022,1.5,6,33,17,MEDI
N0710,01/12/2022,1.5,9,3,32,MEDI
N0711,22/02/2023,1.5,13,3,33,MEDI
N0712,27/12/2023,1.5,5,33,8,MEDI
N0713,13/06/2023,1.5,12,1,34,MEDI
N0714,30/11/2023,1.5,12,1,12,MEDI
N0715,20/04/2023,1.5,18,3,47,MEDI
N0716,12/12/2023,1.5,3,33,60,MEDI
N0717,12/12/2023,1.5,14,1,69,MEDI
N0718,20/12/2023,1.5,5,33,73,MEDI
N0719,14/12/2023,1.5,11,1,85,MEDI
N0720,12/12/2023,1.5,22,1,84,MEDI
N0721,18/12/2018,1.5,8,5,62,IMMU
N0722,10/12/2018,1.5,15,5,78,IMMU
N0723,10/12/2018,1.5,7,5,64,IMMU
N0724,20/12/2018,1.5,17,3,70,IMMU
N0725,07/12/2018,1.5,8,5,55,IMMU
N0726,13/12/2018,1.5,21,5,55,IMMU
N0727,17/12/2018,1.5,11,5,56,IMMU
N0728,17/12/2018,1.5,39,5,63,IMMU
N0729,11/12/2018,1.5,7,4,42,IMMU
N0730,03/12/2018,1.5,7,5,30,IMMU
N0731,30/09/2019,1.5,8,5,76,IMMU
N0732,16/12/2019,1.5,28,5,70,IMMU
N0733,19/12/2019,1.5,5,2,48,IMMU
N0734,06/12/2019,1.5,17,5,70,IMMU
N0735,25/12/2019,1.5,12,5,19,IMMU
N0736,04/12/2019,1.5,9,5,52,IMMU
N0737,09/12/2019,1.5,25,5,65,IMMU
N0738,11/12/2019,1.5,10,5,86,IMMU
N0739,18/12/2019,1.5,36,5,75,IMMU
N0740,22/11/2019,1.5,13,5,69,IMMU
N0741,11/12/2020,1.5,14,5,60,IMMU
N0742,08/12/2020,1.5,4,3,77,IMMU
N0743,04/12/2020,1.5,24,5,23,IMMU
N0744,02/12/2020,1.5,6,5,49,IMMU
N0745,23/12/2020,1.5,15,5,32,IMMU
N0746,23/12/2020,1.5,18,5,52,IMMU
N0747,12/11/2020,1.5,10,4,47,IMMU
N0748,18/11/2020,1.5,15,2,37,IMMU
N0749,21/12/2020,1.5,18,5,59,IMMU
N0750,02/12/2020,1.5,18,5,46,IMMU
N0751,14/06/2021,1.5,28,5,53,IMMU
N0752,09/03/2021,1.5,12,33,35,IMMU
N0753,22/12/2021,1.5,34,2,60,IMMU
N0754,23/12/2021,1.5,32,5,44,IMMU
N0755,17/12/2021,1.5,22,5,69,IMMU
N0756,28/10/2021,1.5,12,4,19,IMMU
N0757,23/12/2021,1.5,15,1,46,IMMU
N0758,23/12/2021,1.5,23,5,58,IMMU
N0759,22/12/2021,1.5,44,5,39,IMMU
N0760,22/12/2021,1.5,10,1,72,IMMU
N0761,09/12/2022,1.5,8,33,41,IMMU
N0762,19/12/2022,1.5,44,3,87,IMMU
N0763,27/10/2022,1.5,17,33,22,IMMU
N0764,14/07/2022,1.5,18,33,93,IMMU
N0765,29/12/2022,1.5,6,2,57,IMMU
N0766,29/12/2022,1.5,16,3,72,IMMU
N0767,30/12/2022,1.5,5,33,41,IMMU
N0768,19/12/2022,1.5,26,5,54,IMMU
N0769,05/12/2022,1.5,17,1,71,IMMU
N0770,21/12/2022,1.5,13,5,52,IMMU
N0771,05/12/2023,1.5,16,33,61,IMMU
N0772,14/12/2023,1.5,19,1,54,IMMU
N0773,19/12/2023,1.5,12,33,56,IMMU
N0774,20/12/2023,1.5,22,33,65,IMMU
N0775,21/12/2023,1.5,12,33,44,IMMU
N0776,22/11/2023,1.5,7,2,59,IMMU
N0777,22/12/2023,1.5,20,33,50,IMMU
N0778,14/12/2023,1.5,15,1,64,IMMU
N0779,08/12/2023,1.5,8,33,107,IMMU
N0780,27/11/2023,1.5,16,1,56,IMMU
N0781,24/12/2018,1.5,4,1,14,MEDI
N0782,21/12/2018,1.5,90,5,100,MEDI
N0783,20/12/2018,1.5,14,5,45,MEDI
N0784,28/11/2018,1.5,10,5,65,MEDI
N0785,27/04/2018,1.5,18,5,56,MEDI
N0786,22/11/2018,1.5,25,5,70,MEDI
N0787,21/12/2018,1.5,2,3,25,MEDI
N0788,19/12/2018,1.5,64,33,57,MEDI
N0789,20/12/2018,1.5,6,5,34,MEDI
N0790,19/12/2018,1.5,4,33,40,MEDI
N0791,18/12/2019,1.5,6,3,39,MEDI
N0792,18/12/2019,1.5,21,5,52,MEDI
N0793,29/11/2019,1.5,10,5,33,MEDI
N0794,16/12/2019,1.5,17,5,31,MEDI
N0795,02/12/2019,1.5,11,2,41,MEDI
N0796,30/12/2019,1.5,6,1,40,MEDI
N0797,27/12/2019,1.5,7,1,39,MEDI
N0798,23/12/2019,1.5,19,5,39,MEDI
N0799,24/12/2019,1.5,7,5,28,MEDI
N0800,31/12/2019,1.5,9,33,49,MEDI
N0801,11/12/2020,1.5,21,5,44,MEDI
N0802,23/12/2020,1.5,13,5,5,MEDI
N0803,20/11/2020,1.5,19,5,18,MEDI
N0804,13/11/2020,1.5,7,1,30,MEDI
N0805,31/12/2020,1.5,11,3,20,MEDI
N0806,14/12/2020,1.5,2,1,4,MEDI
N0807,20/10/2020,1.5,11,5,18,MEDI
N0808,23/12/2020,1.5,6,5,30,MEDI
N0809,06/10/2020,1.5,8,5,37,MEDI
N0810,30/12/2020,1.5,6,1,32,MEDI
N0811,11/10/2021,1.5,8,3,38,MEDI
N0812,14/12/2021,1.5,13,2,22,MEDI
N0813,15/11/2021,1.5,13,1,29,MEDI
N0814,22/12/2021,1.5,34,5,68,MEDI
N0815,04/11/2021,1.5,9,5,19,MEDI
N0816,09/12/2021,1.5,115,5,84,MEDI
N0817,09/12/2021,1.5,105,2,102,MEDI
N0818,26/10/2021,1.5,15,2,32,MEDI
N0819,31/12/2021,1.5,12,4,40,MEDI
N0820,20/12/2021,1.5,8,5,62,MEDI
N0821,01/02/2022,1.5,12,3,31,MEDI
N0822,22/12/2022,1.5,24,2,56,MEDI
N0823,23/11/2022,1.5,13,4,19,MEDI
N0824,15/11/2022,1.5,12,3,28,MEDI
N0825,01/12/2022,1.5,23,4,68,MEDI
N0826,29/12/2022,1.5,54,1,37,MEDI
N0827,23/12/2022,1.5,6,33,23,MEDI
N0828,28/12/2022,1.5,10,33,29,MEDI
N0829,28/12/2022,1.5,7,33,35,MEDI
N0830,05/12/2022,1.5,80,5,61,MEDI
N0831,28/08/2023,1.5,10,1,21,MEDI
N0832,15/12/2023,1.5,20,33,68,MEDI
N0833,21/12/2023,1.5,12,33,44,MEDI
N0834,16/12/2023,1.5,8,33,41,MEDI
N0835,08/11/2023,1.5,6,33,48,MEDI
N0836,14/12/2023,1.5,10,1,96,MEDI
N0837,24/10/2023,1.5,6,1,19,MEDI
N0838,27/12/2023,1.5,8,33,34,MEDI
N0839,29/12/2023,1.5,2,1,56,MEDI
N0840,15/11/2023,1.5,24,1,24,MEDI
N0841,21/12/2018,1.5,15,5,23,MEDI
N0842,21/12/2018,1.5,5,5,47,MEDI
N0843,10/12/2018,1.5,5,4,69,MEDI
N0844,17/12/2018,1.5,19,5,65,MEDI
N0845,17/12/2018,1.5,15,4,67,MEDI
N0846,10/12/2018,1.5,14,5,31,MEDI
N0847,03/12/2018,1.5,16,5,64,MEDI
N0848,29/11/2018,1.5,4,3,56,MEDI
N0849,17/12/2018,1.5,7,33,42,MEDI
N0850,14/12/2018,1.5,13,5,41,MEDI
N0851,16/12/2019,1.5,4,5,23,MEDI
N0852,23/12/2019,1.5,11,5,68,MEDI
N0853,23/12/2019,1.5,4,2,45,MEDI
N0854,23/12/2019,1.5,2,5,52,MEDI
N0855,17/12/2019,1.5,6,5,57,MEDI
N0856,25/11/2019,1.5,11,3,42,MEDI
N0857,17/05/2019,1.5,9,5,52,MEDI
N0858,11/12/2019,1.5,4,5,65,MEDI
N0859,16/12/2019,1.5,13,5,55,MEDI
N0860,22/11/2019,1.5,12,3,67,MEDI
N0861,13/11/2020,1.5,9,33,61,MEDI
N0862,11/12/2020,1.5,21,5,44,MEDI
N0863,22/12/2020,1.5,4,33,73,MEDI
N0864,04/12/2020,1.5,24,5,23,MEDI
N0865,16/12/2020,1.5,5,2,12,MEDI
N0866,30/12/2020,1.5,9,5,15,MEDI
N0867,07/12/2020,1.5,4,1,75,MEDI
N0868,22/12/2020,1.5,22,3,71,MEDI
N0869,12/11/2020,1.5,10,4,47,MEDI
N0870,04/12/2020,1.5,18,33,74,MEDI
N0871,11/10/2021,1.5,8,3,38,MEDI
N0872,14/12/2021,1.5,13,2,22,MEDI
N0873,10/12/2021,1.5,2,1,66,MEDI
N0874,15/07/2021,1.5,7,5,45,MEDI
N0875,30/12/2021,1.5,10,5,78,MEDI
N0876,09/07/2021,1.5,8,4,53,MEDI
N0877,14/06/2021,1.5,28,5,53,MEDI
N0878,16/12/2021,1.5,8,33,57,MEDI
N0879,31/12/2021,1.5,10,5,49,MEDI
N0880,16/12/2021,1.5,2,1,108,MEDI
N0881,05/05/2022,1.5,6,2,68,MEDI
N0882,24/12/2022,1.5,17,1,116,MEDI
N0883,27/12/2022,1.5,5,2,63,MEDI
N0884,16/12/2022,1.5,16,2,65,MEDI
N0885,22/12/2022,1.5,7,5,68,MEDI
N0886,29/12/2022,1.5,5,2,68,MEDI
N0887,28/12/2022,1.5,2,2,80,MEDI
N0888,14/11/2022,1.5,18,2,19,MEDI
N0889,01/12/2022,1.5,15,5,63,MEDI
N0890,24/12/2022,1.5,2,33,67,MEDI
N0891,05/12/2023,1.5,15,33,60,MEDI
N0892,10/10/2023,1.5,9,2,60,MEDI
N0893,22/02/2023,1.5,13,3,33,MEDI
N0894,21/12/2023,1.5,10,1,86,MEDI
N0895,11/12/2023,1.5,11,33,49,MEDI
N0896,27/11/2023,1.5,6,33,57,MEDI
N0897,19/12/2023,1.5,20,33,60,MEDI
N0898,27/12/2023,1.5,12,33,67,MEDI
N0899,13/06/2023,1.5,12,1,34,MEDI
N0900,05/12/2023,1.5,3,33,49,MEDI
N0901,21/12/2018,1.5,3,33,50,MEDI
N0902,31/12/2018,1.5,8,5,61,MEDI
N0903,31/12/2018,1.5,7,5,45,MEDI
N0904,31/12/2018,1.5,14,4,58,MEDI
N0905,21/12/2018,1.5,4,3,39,MEDI
N0906,17/12/2018,1.5,13,5,52,MEDI
N0907,03/12/2018,1.5,27,5,60,MEDI
N0908,14/12/2018,1.5,8,5,41,MEDI
N0909,21/12/2018,1.5,17,5,62,MEDI
N0910,17/12/2018,1.5,17,5,56,MEDI
N0911,25/12/2019,1.5,19,5,24,MEDI
N0912,23/12/2019,1.5,4,5,63,MEDI
N0913,19/12/2019,1.5,11,5,60,MEDI
N0914,23/12/2019,1.5,6,3,52,MEDI
N0915,17/12/2019,1.5,7,5,52,MEDI
N0916,11/12/2019,1.5,8,5,37,MEDI
N0917,11/12/2019,1.5,8,5,70,MEDI
N0918,27/11/2019,1.5,6,5,39,MEDI
N0919,09/12/2019,1.5,9,5,60,MEDI
N0920,09/12/2019,1.5,4,5,72,MEDI
N0921,22/10/2020,1.5,4,5,80,MEDI
N0922,23/12/2020,1.5,14,5,41,MEDI
N0923,23/11/2020,1.5,7,2,36,MEDI
N0924,09/12/2020,1.5,15,2,82,MEDI
N0925,04/03/2020,1.5,14,5,25,MEDI
N0926,17/12/2020,1.5,11,5,59,MEDI
N0927,16/12/2020,1.5,15,5,39,MEDI
N0928,04/12/2020,1.5,8,3,70,MEDI
N0929,21/12/2020,1.5,21,5,103,MEDI
N0930,09/12/2020,1.5,26,5,48,MEDI
N0931,22/11/2021,1.5,9,4,91,MEDI
N0932,16/12/2021,1.5,12,5,103,MEDI
N0933,09/12/2021,1.5,8,2,85,MEDI
N0934,10/12/2021,1.5,10,5,45,MEDI
N0935,24/11/2021,1.5,13,5,54,MEDI
N0936,08/12/2021,1.5,6,3,70,MEDI
N0937,18/11/2021,1.5,4,5,50,MEDI
N0938,03/12/2021,1.5,17,5,101,MEDI
N0939,08/11/2021,1.5,7,4,86,MEDI
N0940,28/12/2021,1.5,9,5,72,MEDI
N0941,23/12/2022,1.5,11,5,66,MEDI
N0942,13/12/2022,1.5,6,33,57,MEDI
N0943,23/12/2022,1.5,5,5,64,MEDI
N0944,19/12/2022,1.5,12,2,45,MEDI
N0945,21/12/2022,1.5,13,5,52,MEDI
N0946,19/12/2022,1.5,11,33,64,MEDI
N0947,05/12/2022,1.5,11,1,60,MEDI
N0948,24/11/2022,1.5,10,1,59,MEDI
N0949,22/12/2022,1.5,12,2,105,MEDI
N0950,05/12/2022,1.5,7,1,91,MEDI
N0951,08/12/2023,1.5,3,33,52,MEDI
N0952,18/12/2023,1.5,2,33,86,MEDI
N0953,12/12/2023,1.5,8,2,63,MEDI
N0954,17/02/2023,1.5,4,33,56,MEDI
N0955,20/12/2023,1.5,14,1,60,MEDI
N0956,20/12/2023,1.5,8,33,55,MEDI
N0957,09/12/2023,1.5,4,33,103,MEDI
N0958,14/12/2023,1.5,10,33,95,MEDI
N0959,08/12/2023,1.5,10,1,65,MEDI
N0960,13/12/2023,1.5,34,3,97,MEDI
N0961,22/10/2018,1.5,3,5,80,NEUR
N0962,14/12/2018,1.5,7,5,44,NEUR
N0963,18/12/2018,1.5,5,5,48,NEUR
N0964,20/12/2018,1.5,14,2,60,NEUR
N0965,19/12/2018,1.5,4,2,89,NEUR
N0966,04/12/2018,1.5,5,5,70,NEUR
N0967,26/11/2018,1.5,4,5,54,NEUR
N0968,07/12/2018,1.5,4,33,75,NEUR
N0969,18/12/2018,1.5,4,5,75,NEUR
N0970,19/11/2018,1.5,9,33,29,NEUR
N0971,20/12/2019,1.5,2,5,33,NEUR
N0972,23/12/2019,1.5,4,5,65,NEUR
N0973,25/12/2019,1.5,10,5,61,NEUR
N0974,07/06/2019,1.5,2,5,37,NEUR
N0975,19/12/2019,1.5,11,5,70,NEUR
N0976,18/12/2019,1.5,5,5,40,NEUR
N0977,16/12/2019,1.5,5,5,40,NEUR
N0978,16/12/2019,1.5,5,4,68,NEUR
N0979,16/12/2019,1.5,12,5,43,NEUR
N0980,12/12/2019,1.5,7,5,78,NEUR
N0981,26/02/2020,1.5,3,5,97,NEUR
N0982,14/04/2020,1.5,12,5,50,NEUR
N0983,13/02/2020,1.5,2,5,65,NEUR
N0984,07/12/2020,1.5,2,5,43,NEUR
N0985,23/12/2020,1.5,8,5,35,NEUR
N0986,21/12/2020,1.5,5,5,70,NEUR
N0987,21/12/2020,1.5,28,5,67,NEUR
N0988,17/12/2020,1.5,4,2,77,NEUR
N0989,23/11/2020,1.5,5,1,60,NEUR
N0990,23/12/2020,1.5,6,5,45,NEUR
N0991,19/11/2021,1.5,6,1,133,NEUR
N0992,13/12/2021,1.5,4,1,70,NEUR
N0993,16/12/2021,1.5,17,5,63,NEUR
N0994,08/12/2021,1.5,5,33,90,NEUR
N0995,07/12/2021,1.5,8,2,83,NEUR
N0996,14/12/2021,1.5,3,5,86,NEUR
N0997,24/11/2021,1.5,7,33,69,NEUR
N0998,16/12/2021,1.5,5,3,102,NEUR
N0999,15/12/2021,1.5,3,5,50,NEUR
N1000,08/12/2021,1.5,7,5,62,NEUR
N1001,29/10/2022,1.5,3,2,114,NEUR
N1002,24/08/2022,1.5,6,2,82,NEUR
N1003,30/12/2022,1.5,3,1,46,NEUR
N1004,23/12/2022,1.5,4,5,54,NEUR
N1005,22/12/2022,1.5,1,1,46,NEUR
N1006,19/12/2022,1.5,23,5,70,NEUR
N1007,22/12/2022,1.5,7,4,59,NEUR
N1008,22/12/2022,1.5,4,33,53,NEUR
N1009,29/12/2022,1.5,5,2,82,NEUR
N1010,24/12/2022,1.5,15,33,139,NEUR
N1011,06/07/2023,1.5,5,33,62,NEUR
N1012,26/09/2023,1.5,31,33,73,NEUR
N1013,20/12/2023,1.5,5,33,95,NEUR
N1014,18/12/2023,1.5,4,33,104,NEUR
N1015,29/05/2023,1.5,20,2,74,NEUR
N1016,13/12/2023,1.5,11,33,66,NEUR
N1017,16/12/2023,1.5,16,33,57,NEUR
N1018,21/12/2023,1.5,15,33,160,NEUR
N1019,20/12/2023,1.5,15,33,60,NEUR
N1020,07/12/2023,1.5,22,33,47,NEUR
N1021,14/12/2018,1.5,8,4,28,MEDI
N1022,19/12/2018,1.5,9,3,40,MEDI
N1023,07/12/2018,1.5,11,5,52,MEDI
N1024,03/12/2018,1.5,23,5,52,MEDI
N1025,19/11/2018,1.5,20,33,49,MEDI
N1026,30/11/2018,1.5,7,1,29,MEDI
N1027,26/11/2018,1.5,12,5,34,MEDI
N1028,21/12/2018,1.5,8,5,60,MEDI
N1029,12/12/2018,1.5,21,5,23,MEDI
N1030,19/09/2018,1.5,10,5,2,MEDI
N1031,19/12/2019,1.5,24,5,37,MEDI
N1032,27/12/2019,1.5,2,2,54,MEDI
N1033,27/12/2019,1.5,6,1,30,MEDI
N1034,27/12/2019,1.5,7,1,31,MEDI
N1035,11/12/2019,1.5,36,5,28,MEDI
N1036,27/12/2019,1.5,8,33,51,MEDI
N1037,17/12/2019,1.5,5,33,29,MEDI
N1038,16/12/2019,1.5,3,33,29,MEDI
N1039,16/12/2019,1.5,6,3,24,MEDI
N1040,12/12/2019,1.5,13,33,32,MEDI
N1041,31/12/2020,1.5,8,5,36,MEDI
N1042,28/12/2020,1.5,3,33,73,MEDI
N1043,21/12/2020,1.5,11,3,75,MEDI
N1044,17/12/2020,1.5,7,33,34,MEDI
N1045,26/11/2020,1.5,13,4,48,MEDI
N1046,08/10/2020,1.5,20,5,52,MEDI
N1047,10/12/2020,1.5,6,4,29,MEDI
N1048,24/11/2020,1.5,15,5,46,MEDI
N1049,08/12/2020,1.5,8,5,31,MEDI
N1050,18/11/2020,1.5,8,1,21,MEDI
N1051,23/12/2021,1.5,11,5,57,MEDI
N1052,21/12/2021,1.5,7,5,26,MEDI
N1053,20/12/2021,1.5,11,33,20,MEDI
N1054,10/12/2021,1.5,11,5,70,MEDI
N1055,07/12/2021,1.5,28,5,79,MEDI
N1056,25/11/2021,1.5,20,5,53,MEDI
N1057,06/12/2021,1.5,17,4,28,MEDI
N1058,29/11/2021,1.5,2,33,26,MEDI
N1059,22/12/2021,1.5,30,5,40,MEDI
N1060,15/11/2021,1.5,16,5,75,MEDI
N1061,30/12/2022,1.5,3,33,29,MEDI
N1062,28/12/2022,1.5,9,33,18,MEDI
N1063,14/12/2022,1.5,36,5,45,MEDI
N1064,13/12/2022,1.5,9,3,86,MEDI
N1065,12/12/2022,1.5,12,3,63,MEDI
N1066,30/11/2022,1.5,11,2,40,MEDI
N1067,28/11/2022,1.5,31,5,64,MEDI
N1068,24/11/2022,1.5,12,2,30,MEDI
N1069,22/11/2022,1.5,16,5,73,MEDI
N1070,05/12/2022,1.5,6,1,15,MEDI
N1071,27/12/2023,1.5,20,1,61,MEDI
N1072,20/12/2023,1.5,11,33,56,MEDI
N1073,27/12/2023,1.5,7,33,42,MEDI
N1074,27/12/2023,1.5,2,33,32,MEDI
N1075,27/12/2023,1.5,9,33,35,MEDI
N1076,21/12/2023,1.5,10,33,90,MEDI
N1077,14/12/2023,1.5,15,1,64,MEDI
N1078,09/12/2023,1.5,14,33,65,MEDI
N1079,11/12/2023,1.5,7,33,68,MEDI
N1080,09/12/2023,1.5,10,33,83,MEDI
N1081,26/11/2018,1.5,17,5,61,MEDI
N1082,03/12/2018,1.5,159,5,33,MEDI
N1083,19/12/2018,1.5,12,5,38,MEDI
N1084,18/12/2018,1.5,11,3,35,MEDI
N1085,30/11/2018,1.5,4,5,52,MEDI
N1086,13/12/2018,1.5,8,1,51,MEDI
N1087,30/11/2018,1.5,15,5,58,MEDI
N1088,28/11/2018,1.5,10,5,70,MEDI
N1089,27/04/2018,1.5,18,5,56,MEDI
N1090,21/12/2018,1.5,4,33,35,MEDI
N1091,07/06/2019,1.5,2,5,37,MEDI
N1092,20/12/2019,1.5,43,5,75,MEDI
N1093,13/12/2019,1.5,18,5,55,MEDI
N1094,23/12/2019,1.5,13,1,73,MEDI
N1095,27/12/2019,1.5,4,4,113,MEDI
N1096,25/12/2019,1.5,33,5,40,MEDI
N1097,09/12/2019,1.5,8,1,71,MEDI
N1098,04/12/2019,1.5,8,5,80,MEDI
N1099,19/12/2019,1.5,20,5,99,MEDI
N1100,18/12/2019,1.5,25,5,95,MEDI
N1101,08/12/2020,1.5,6,4,57,MEDI
N1102,23/12/2020,1.5,6,5,43,MEDI
N1103,26/11/2020,1.5,7,5,72,MEDI
N1104,31/12/2020,1.5,13,2,32,MEDI
N1105,31/12/2020,1.5,8,5,36,MEDI
N1106,21/09/2020,1.5,35,1,78,MEDI
N1107,30/11/2020,1.5,22,3,58,MEDI
N1108,28/09/2020,1.5,4,5,37,MEDI
N1109,07/12/2020,1.5,10,33,44,MEDI
N1110,23/11/2020,1.5,6,5,78,MEDI
N1111,23/12/2021,1.5,22,3,66,MEDI
N1112,15/12/2021,1.5,3,2,79,MEDI
N1113,20/12/2021,1.5,15,5,100,MEDI
N1114,30/12/2021,1.5,4,3,70,MEDI
N1115,08/12/2021,1.5,15,2,38,MEDI
N1116,08/12/2021,1.5,8,5,45,MEDI
N1117,13/12/2021,1.5,19,5,74,MEDI
N1118,03/12/2021,1.5,17,5,101,MEDI
N1119,08/12/2021,1.5,24,1,69,MEDI
N1120,06/12/2021,1.5,12,5,76,MEDI
N1121,30/12/2022,1.5,8,5,29,MEDI
N1122,30/12/2022,1.5,14,5,43,MEDI
N1123,19/12/2022,1.5,22,5,90,MEDI
N1124,22/12/2022,1.5,19,4,62,MEDI
N1125,01/12/2022,1.5,17,3,86,MEDI
N1126,13/12/2022,1.5,12,3,85,MEDI
N1127,22/12/2022,1.5,12,2,105,MEDI
N1128,26/12/2022,1.5,4,33,69,MEDI
N1129,01/12/2022,1.5,13,1,50,MEDI
N1130,14/11/2022,1.5,23,3,63,MEDI
N1131,06/06/2023,1.5,5,1,97,MEDI
N1132,29/05/2023,1.5,20,2,74,MEDI
N1133,18/12/2023,1.5,2,33,95,MEDI
N1134,21/12/2023,1.5,15,33,94,MEDI
N1135,20/12/2023,1.5,14,33,102,MEDI
N1136,14/12/2023,1.5,27,2,88,MEDI
N1137,05/12/2023,1.5,9,33,82,MEDI
N1138,27/11/2023,1.5,3,33,59,MEDI
N1139,21/12/2023,1.5,11,33,41,MEDI
N1140,21/12/2023,1.5,15,33,76,MEDI
N1141,24/12/2018,1.5,6,3,29,MEDI
N1142,03/12/2018,1.5,15,5,23,MEDI
N1143,21/12/2018,1.5,4,33,35,MEDI
N1144,19/12/2018,1.5,6,33,40,MEDI
N1145,20/12/2018,1.5,6,4,31,MEDI
N1146,20/12/2018,1.5,3,33,24,MEDI
N1147,18/12/2018,1.5,5,1,29,MEDI
N1148,18/12/2018,1.5,7,3,68,MEDI
N1149,18/12/2018,1.5,9,3,38,MEDI
N1150,12/12/2018,1.5,22,5,39,MEDI
N1151,25/12/2019,1.5,1,5,62,MEDI
N1152,31/12/2019,1.5,7,1,36,MEDI
N1153,30/12/2019,1.5,6,3,42,MEDI
N1154,20/12/2019,1.5,10,5,56,MEDI
N1155,27/12/2019,1.5,3,1,30,MEDI
N1156,27/12/2019,1.5,4,2,29,MEDI
N1157,27/12/2019,1.5,12,5,23,MEDI
N1158,27/12/2019,1.5,6,1,37,MEDI
N1159,27/12/2019,1.5,17,4,25,MEDI
N1160,27/12/2019,1.5,5,5,36,MEDI
N1161,28/12/2020,1.5,10,5,21,MEDI
N1162,12/11/2020,1.5,8,4,2,MEDI
N1163,21/09/2020,1.5,7,5,73,MEDI
N1164,09/12/2020,1.5,9,5,158,MEDI
N1165,16/11/2020,1.5,7,1,9,MEDI
N1166,18/12/2020,1.5,5,1,40,MEDI
N1167,17/12/2020,1.5,4,4,50,MEDI
N1168,15/12/2020,1.5,26,1,18,MEDI
N1169,15/12/2020,1.5,12,1,18,MEDI
N1170,15/12/2020,1.5,6,2,41,MEDI
N1171,11/10/2021,1.5,9,5,55,MEDI
N1172,09/12/2021,1.5,528,5,67,MEDI
N1173,20/12/2021,1.5,15,5,28,MEDI
N1174,23/12/2021,1.5,33,4,52,MEDI
N1175,29/12/2021,1.5,5,1,31,MEDI
N1176,16/12/2021,1.5,22,5,53,MEDI
N1177,10/12/2021,1.5,3,4,137,MEDI
N1178,13/12/2021,1.5,6,5,51,MEDI
N1179,20/12/2021,1.5,14,3,39,MEDI
N1180,14/12/2021,1.5,13,33,45,MEDI
N1181,03/12/2022,1.5,10,4,85,MEDI
N1182,31/12/2022,1.5,5,33,33,MEDI
N1183,31/12/2022,1.5,4,2,33,MEDI
N1184,21/12/2022,1.5,9,1,70,MEDI
N1185,29/12/2022,1.5,5,33,16,MEDI
N1186,30/12/2022,1.5,11,33,32,MEDI
N1187,30/12/2022,1.5,3,33,44,MEDI
N1188,28/12/2022,1.5,8,33,37,MEDI
N1189,27/12/2022,1.5,3,33,32,MEDI
N1190,23/12/2022,1.5,3,1,80,MEDI
N1191,13/06/2023,1.5,12,1,34,MEDI
N1192,20/04/2023,1.5,18,3,47,MEDI
N1193,27/12/2023,1.5,16,33,82,MEDI
N1194,09/10/2023,1.5,4,33,51,MEDI
N1195,29/12/2023,1.5,2,33,28,MEDI
N1196,29/12/2023,1.5,6,33,28,MEDI
N1197,30/12/2023,1.5,7,33,34,MEDI
N1198,20/12/2023,1.5,14,1,33,MEDI
N1199,12/12/2023,1.5,8,33,49,MEDI
N1200,27/12/2023,1.5,8,33,22,MEDI
