id,publicDate,source,coAuthorship,citationCount,refCount,Class
201800282,15/11/2018,1,3,29,89,"['ENER', 'PHYS']"
201800276,17/11/2018,1,5,11,18,"['CHEM', 'BIOC', 'AGRI']"
201800044,11/12/2018,1,5,76,60,"['ENVI', 'CENG', 'MATE', 'ENER']"
201800249,01/12/2018,1,4,9,39,"['EART', 'AGRI']"
201800043,12/12/2018,1,2303,59,101,['PHYS']
201800271,20/11/2018,1,2,53,21,['COMP']
201800285,14/11/2018,1,1,5,16,"['AGRI', 'ENVI']"
201800088,01/12/2018,1,32,23,107,"['PHYS', 'EART']"
201800075,01/12/2018,1,2,,,['VETE']
201800247,01/12/2018,1,5,8,48,"['MATE', 'ENGI']"
201800081,01/12/2018,1,7,8,22,"['NEUR', 'MEDI']"
201800278,16/11/2018,1,2,1,7,['PHYS']
201800086,01/12/2018,1,2,0,16,"['ENER', 'ENGI', 'COMP']"
201800240,01/12/2018,1,5,19,46,['MULT']
201800072,01/12/2018,1,4,,33,['VETE']
201800019,19/12/2018,1,3,0,31,"['BUSI', 'ECON', 'ENVI']"
201800026,19/12/2018,1,3,2,3,['PHYS']
201800214,01/12/2018,1,6,14,23,"['IMMU', 'VETE']"
201800213,01/12/2018,1,4,79,52,['CHEM']
201800021,19/12/2018,1,3,4,17,['PHYS']
201800028,19/12/2018,1,3,3,3,['PHYS']
201800225,01/12/2018,1,40,34,27,['MULT']
201800017,20/12/2018,1,5,119,74,"['ENVI', 'CENG', 'MATE', 'ENER']"
201800010,25/12/2018,1,5,19,43,"['CHEM', 'PHYS', 'MATE']"
201800222,01/12/2018,1,7,36,47,['MULT']
201800073,01/12/2018,1,3,,29,['VETE']
201800241,01/12/2018,1,7,53,353,['NEUR']
201800087,01/12/2018,1,2,3,16,"['ENER', 'ENGI', 'COMP']"
201800080,01/12/2018,1,7,,42,['VETE']
201800246,01/12/2018,1,12,23,31,['MULT']
201800074,01/12/2018,1,1,,3,['VETE']
201800279,16/11/2018,1,3,1,22,['PHYS']
201800284,15/11/2018,1,3,34,23,"['CHEM', 'MATE']"
201800270,21/11/2018,1,5,22,42,"['CHEM', 'BIOC', 'ENVI']"
201800042,13/12/2018,1,4,39,48,"['AGRI', 'NURS']"
201800089,01/12/2018,1,3,0,,"['COMP', 'DECI', 'ENGI', 'PHYS']"
201800045,10/12/2018,1,5,44,54,"['SOCI', 'COMP']"
201800277,16/11/2018,1,2,0,5,['PHYS']
201800283,15/11/2018,1,2,19,43,"['CHEM', 'MATE']"
201800248,01/12/2018,1,2,11,18,"['ENGI', 'COMP']"
201800223,01/12/2018,1,5,0,4,['MEDI']
201800011,24/12/2018,1,2,6,19,"['COMP', 'DECI']"
201800029,19/12/2018,1,3,0,1,['PHYS']
201800016,20/12/2018,1,9,13,49,['PHYS']
201800224,01/12/2018,1,4,22,69,['MULT']
201800020,19/12/2018,1,3,1,11,['PHYS']
201800212,01/12/2018,1,13,52,140,['BIOC']
201800018,20/12/2018,1,6,33,41,"['ENER', 'ENGI', 'ENVI', 'BUSI']"
201800215,01/12/2018,1,7,22,31,['DENT']
201800027,19/12/2018,1,5,0,7,['PHYS']
201800155,01/12/2018,1,6,8,39,"['BIOC', 'IMMU']"
201800152,01/12/2018,1,3,21,22,"['SOCI', 'ENER', 'ENVI']"
201800199,01/12/2018,1,2,2,11,"['MATH', 'DECI']"
201800164,01/12/2018,1,8,6,3,['MULT']
201800190,01/12/2018,1,4,22,48,"['CHEM', 'CENG', 'PHYS']"
201800197,01/12/2018,1,9,25,99,['EART']
201800163,01/12/2018,1,2,13,37,"['MATE', 'PHYS', 'ENGI', 'MATH']"
201800108,01/12/2018,1,5,0,15,['MEDI']
201800137,01/12/2018,1,6,5,42,['MEDI']
201800305,01/11/2018,1,9,1,32,['MEDI']
201800302,02/11/2018,1,7,3,48,"['CHEM', 'CENG']"
201800130,01/12/2018,1,22,136,174,"['PHYS', 'EART']"
201800139,01/12/2018,1,5,5,3,['MULT']
201800106,01/12/2018,1,5,3,19,"['PHAR', 'AGRI', 'MEDI']"
201800101,01/12/2018,1,1,,26,['MEDI']
201800162,01/12/2018,1,7,10,16,['MEDI']
201800196,01/12/2018,1,7,5,46,"['BIOC', 'CHEM', 'PHYS']"
201800191,01/12/2018,1,5,12,54,['MULT']
201800165,01/12/2018,1,5,38,47,['MEDI']
201800153,01/12/2018,1,14,45,67,"['MEDI', 'NEUR']"
201800198,01/12/2018,1,8,27,9,['MEDI']
201800154,01/12/2018,1,3,7,53,['ENVI']
201800332,01/11/2018,1,5,8,27,['BIOC']
201800100,01/12/2018,1,6,0,31,"['MEDI', 'NURS']"
201800138,01/12/2018,1,2,10,13,"['COMP', 'DECI']"
201800107,01/12/2018,1,3,,17,"['ENGI', 'COMP']"
201800131,01/12/2018,1,6,15,28,"['CENG', 'BIOC', 'CHEM', 'COMP']"
201800303,02/11/2018,1,6,8,26,"['CHEM', 'BIOC', 'AGRI']"
201800109,01/12/2018,1,3,2,,['BIOC']
201800304,02/11/2018,1,2,15,71,"['SOCI', 'ARTS', 'BUSI']"
201800136,01/12/2018,1,4,14,30,"['COMP', 'ENGI']"
201800114,01/12/2018,1,4,11,,"['MEDI', 'IMMU']"
201800326,01/11/2018,1,2302,26,85,['PHYS']
201800319,01/11/2018,1,5,,32,['MEDI']
201800321,01/11/2018,1,2,,10,['MEDI']
201800113,01/12/2018,1,3,9,,"['MEDI', 'IMMU']"
201800317,01/11/2018,1,4,15,38,['BIOC']
201800125,01/12/2018,1,4,13,62,['MULT']
201800328,01/11/2018,1,2302,103,56,['PHYS']
201800122,01/12/2018,1,7,19,10,['MEDI']
201800310,01/11/2018,1,3,,30,"['CHEM', 'MATH', 'MATE', 'BIOC', 'PHYS']"
201800149,01/12/2018,1,3,4,37,['CENG']
201800176,01/12/2018,1,7,14,42,"['MEDI', 'BIOC']"
201800182,01/12/2018,1,4,2,26,"['BIOC', 'MEDI']"
201800185,01/12/2018,1,5,23,39,['MULT']
201800171,01/12/2018,1,11,25,54,['BIOC']
201800178,01/12/2018,1,5,17,26,"['MEDI', 'DENT']"
201800147,01/12/2018,1,7,5,23,['DENT']
201800140,01/12/2018,1,3,7,25,['MEDI']
201800311,01/11/2018,1,8,16,72,['COMP']
201800123,01/12/2018,1,7,7,23,['MEDI']
201800124,01/12/2018,1,12,7,30,['MULT']
201800316,01/11/2018,1,3,7,37,"['COMP', 'DECI']"
201800329,01/11/2018,1,2,30,24,"['ENER', 'ENVI']"
201800112,01/12/2018,1,16,6,,"['MEDI', 'IMMU']"
201800320,01/11/2018,1,9,,20,['MEDI']
201800327,01/11/2018,1,3,4,16,['MEDI']
201800115,01/12/2018,1,3,1,,"['MEDI', 'IMMU']"
201800318,01/11/2018,1,7,,18,['MEDI']
201800141,01/12/2018,1,7,21,64,"['PHAR', 'MEDI']"
201800179,01/12/2018,1,2,6,10,['MEDI']
201800146,01/12/2018,1,10,0,5,"['BIOC', 'ENGI', 'MEDI', 'PHYS']"
201800170,01/12/2018,1,2,25,35,"['ENGI', 'MATE', 'PHYS']"
201800184,01/12/2018,1,7,1,18,"['MATE', 'PHYS']"
201800148,01/12/2018,1,3,2,30,['NURS']
201800183,01/12/2018,1,6,11,13,['PHAR']
201800177,01/12/2018,1,5,3,25,"['IMMU', 'MEDI']"
201800005,30/12/2018,1,1,16,20,['BUSI']
201800237,01/12/2018,1,26,16,24,['MULT']
201800208,01/12/2018,1,2,30,39,['AGRI']
201800230,01/12/2018,1,12,50,47,['MULT']
201800002,31/12/2018,1,4,21,42,"['CHEM', 'CENG', 'ENGI']"
201800206,01/12/2018,1,3,8,23,"['MEDI', 'NURS']"
201800034,15/12/2018,1,7,4,28,"['PHYS', 'CHEM', 'MATE']"
201800239,01/12/2018,1,2,166,161,['NEUR']
201800033,15/12/2018,1,2,8,33,['PHYS']
201800201,01/12/2018,1,12,7,41,"['MEDI', 'BIOC']"
201800058,05/12/2018,1,5,67,119,['AGRI']
201800255,29/11/2018,1,2305,27,46,['PHYS']
201800067,04/12/2018,1,3,1,15,['PHYS']
201800093,01/12/2018,1,6,2,27,['EART']
201800299,02/11/2018,1,6,7,21,['MEDI']
201800094,01/12/2018,1,2,3,26,['AGRI']
201800060,04/12/2018,1,3,8,44,['ENGI']
201800252,30/11/2018,1,3,3,29,['SOCI']
201800069,03/12/2018,1,2,2,46,"['ENGI', 'EART']"
201800290,07/11/2018,1,2,6,32,['MEDI']
201800056,06/12/2018,1,5,6,35,['MEDI']
201800264,28/11/2018,1,4,2,12,['AGRI']
201800263,28/11/2018,1,2,10,15,"['COMP', 'ENGI']"
201800051,08/12/2018,1,2,9,16,['COMP']
201800297,02/11/2018,1,17,15,41,['MEDI']
201800200,01/12/2018,1,7,5,23,"['MATE', 'PHYS', 'ENGI']"
201800032,19/12/2018,1,5,26,26,"['CHEM', 'BIOC', 'PHAR']"
201800035,15/12/2018,1,4,3,17,['ENGI']
201800207,01/12/2018,1,5,14,24,['MEDI']
201800238,01/12/2018,1,12,19,47,['MULT']
201800003,31/12/2018,1,8,44,45,"['CHEM', 'PHYS', 'MATE']"
201800231,01/12/2018,1,11,21,38,['MULT']
201800236,01/12/2018,1,4,9,44,"['CHEM', 'PHYS', 'MATE']"
201800004,31/12/2018,1,6,75,55,"['CHEM', 'BIOC', 'ENVI']"
201800209,01/12/2018,1,4,29,17,"['MATE', 'ENGI']"
201800296,05/11/2018,1,2,5,10,['COMP']
201800050,08/12/2018,1,2,10,16,['COMP']
201800262,28/11/2018,1,2,1,7,"['COMP', 'ENGI']"
201800068,03/12/2018,1,2,2,40,['ENVI']
201800265,27/11/2018,1,4,3,12,['ENGI']
201800057,06/12/2018,1,7,3,9,"['BIOC', 'IMMU']"
201800291,07/11/2018,1,1,3,12,['MEDI']
201800298,02/11/2018,1,7,59,54,"['BIOC', 'CHEM']"
201800253,30/11/2018,1,2,74,43,['MEDI']
201800061,04/12/2018,1,2,4,28,['ENGI']
201800095,01/12/2018,1,11,,37,['VETE']
201800059,04/12/2018,1,8,16,72,['COMP']
201800092,01/12/2018,1,4,13,137,['MEDI']
201800066,04/12/2018,1,1,4,130,['ENGI']
201800254,30/11/2018,1,9,14,22,['BIOC']
201800022,19/12/2018,1,4,6,13,['PHYS']
201800210,01/12/2018,1,5,122,64,"['MATE', 'PHYS', 'ENGI']"
201800228,01/12/2018,1,5,24,44,['MULT']
201800217,01/12/2018,1,8,21,50,['CENG']
201800025,19/12/2018,1,8,3,6,['PHYS']
201800221,01/12/2018,1,9,51,69,"['BIOC', 'AGRI']"
201800013,20/12/2018,1,22,21,126,"['PHYS', 'EART']"
201800219,01/12/2018,1,8,36,40,"['CHEM', 'AGRI']"
201800014,20/12/2018,1,2,3,9,"['ENVI', 'EART']"
201800226,01/12/2018,1,3,15,41,"['BIOC', 'CENG', 'IMMU']"
201800272,20/11/2018,1,23,12,105,"['PHYS', 'EART']"
201800040,14/12/2018,1,2283,45,54,['PHYS']
201800286,14/11/2018,1,3,4,54,['MEDI']
201800281,15/11/2018,1,4,24,67,"['ENER', 'PHYS']"
201800047,10/12/2018,1,3,12,6,['PHYS']
201800275,17/11/2018,1,2,6,16,['MEDI']
201800078,01/12/2018,1,5,,22,['VETE']
201800085,01/12/2018,1,2,2,16,"['ENER', 'ENGI', 'COMP']"
201800071,03/12/2018,1,4,45,49,"['CHEM', 'ENVI', 'CENG', 'ENER']"
201800243,01/12/2018,1,12,25,51,['MULT']
201800288,09/11/2018,1,2,14,17,['COMP']
201800244,01/12/2018,1,4,14,28,['MULT']
201800076,01/12/2018,1,3,,27,['VETE']
201800082,01/12/2018,1,2,,17,"['ECON', 'SOCI']"
201800049,10/12/2018,1,5,31,72,"['MEDI', 'BIOC']"
201800218,01/12/2018,1,5,33,60,['MULT']
201800227,01/12/2018,1,3,14,13,"['PHAR', 'MEDI']"
201800015,20/12/2018,1,1,6,20,['AGRI']
201800012,21/12/2018,1,3,0,11,['COMP']
201800220,01/12/2018,1,2,20,33,"['AGRI', 'CENG', 'ENGI']"
201800229,01/12/2018,1,2,13,28,['MULT']
201800024,19/12/2018,1,2,1,6,['PHYS']
201800216,01/12/2018,1,10,12,53,['MULT']
201800211,01/12/2018,1,5,72,41,['MULT']
201800023,19/12/2018,1,4,0,3,['PHYS']
201800083,01/12/2018,1,5,,11,['VETE']
201800077,01/12/2018,1,4,,22,['VETE']
201800245,01/12/2018,1,6,27,33,['MULT']
201800048,10/12/2018,1,4,0,7,['PHYS']
201800242,01/12/2018,1,3,5,20,"['AGRI', 'BIOC']"
201800070,03/12/2018,1,8,30,55,"['CHEM', 'ENVI', 'CENG', 'ENER']"
201800084,01/12/2018,1,4,,40,['VETE']
201800289,08/11/2018,1,4,5,26,['CHEM']
201800274,18/11/2018,1,6,15,44,['BIOC']
201800046,10/12/2018,1,3,,9,"['COMP', 'ENGI']"
201800280,16/11/2018,1,2,1,22,['PHYS']
201800079,01/12/2018,1,3,,32,['VETE']
201800287,10/11/2018,1,20,38,83,"['PHYS', 'EART']"
201800041,14/12/2018,1,7,21,28,['PHYS']
201800273,20/11/2018,1,6,7,23,"['EART', 'ENVI', 'AGRI', 'ENGI']"
201800133,01/12/2018,1,6,61,228,['MEDI']
201800301,02/11/2018,1,3,5,30,"['SOCI', 'MEDI']"
201800306,01/11/2018,1,3,0,6,"['MEDI', 'PHYS']"
201800134,01/12/2018,1,4,2,5,['MEDI']
201800330,01/11/2018,1,2305,31,79,['PHYS']
201800102,01/12/2018,1,3,1,12,['MATH']
201800308,01/11/2018,1,4,,32,"['CHEM', 'MATH', 'MATE', 'BIOC', 'PHYS']"
201800105,01/12/2018,1,4,,11,['VETE']
201800151,01/12/2018,1,7,13,59,['MULT']
201800156,01/12/2018,1,2,2,32,"['AGRI', 'ENVI']"
201800169,01/12/2018,1,6,80,41,['MULT']
201800194,01/12/2018,1,8,12,31,"['IMMU', 'VETE']"
201800160,01/12/2018,1,5,7,53,"['IMMU', 'VETE', 'AGRI', 'MEDI']"
201800167,01/12/2018,1,2,78,87,"['ENVI', 'ENGI']"
201800193,01/12/2018,1,7,17,77,"['PHYS', 'ENGI', 'CENG']"
201800158,01/12/2018,1,4,22,18,"['MEDI', 'BIOC']"
201800309,01/11/2018,1,6,,29,"['CHEM', 'MATH', 'MATE', 'BIOC', 'PHYS']"
201800104,01/12/2018,1,6,7,23,['PHYS']
201800103,01/12/2018,1,2,10,43,"['IMMU', 'MEDI']"
201800331,01/11/2018,1,12,31,73,['IMMU']
201800135,01/12/2018,1,8,2,16,['AGRI']
201800307,01/11/2018,1,6,26,66,"['EART', 'ENVI', 'AGRI', 'ENGI']"
201800300,02/11/2018,1,4,50,71,"['CENG', 'COMP']"
201800132,01/12/2018,1,2,10,93,"['BUSI', 'ECON']"
201800192,01/12/2018,1,5,79,43,['MEDI']
201800166,01/12/2018,1,3,23,26,['SOCI']
201800159,01/12/2018,1,9,7,26,"['MEDI', 'BIOC']"
201800161,01/12/2018,1,11,15,71,['MULT']
201800195,01/12/2018,1,4,4,36,"['CENG', 'CHEM', 'MATE']"
201800157,01/12/2018,1,6,7,106,['MEDI']
201800168,01/12/2018,1,4,19,56,['MULT']
201800150,01/12/2018,1,3,16,34,['MEDI']
201800186,01/12/2018,1,4,49,76,"['IMMU', 'BIOC']"
201800172,01/12/2018,1,5,33,30,"['ENGI', 'ENER']"
201800175,01/12/2018,1,5,10,63,"['BIOC', 'CHEM', 'CENG', 'ENGI', 'MATE']"
201800181,01/12/2018,1,2,55,57,"['EART', 'COMP']"
201800188,01/12/2018,1,3,3,47,"['BIOC', 'VETE']"
201800143,01/12/2018,1,13,5,67,['MULT']
201800144,01/12/2018,1,8,20,90,['MULT']
201800110,01/12/2018,1,2300,33,39,['PHYS']
201800322,01/11/2018,1,4,,18,['MEDI']
201800325,01/11/2018,1,4,,25,['MEDI']
201800117,01/12/2018,1,4,63,141,['MEDI']
201800128,01/12/2018,1,10,21,61,"['IMMU', 'MEDI', 'PHAR']"
201800313,01/11/2018,1,3,3,37,['MULT']
201800121,01/12/2018,1,7,1,39,['MULT']
201800126,01/12/2018,1,3,5,41,['MEDI']
201800314,01/11/2018,1,4,7,29,['MULT']
201800119,01/12/2018,1,3,17,59,['PHYS']
201800145,01/12/2018,1,2,2,10,['MATH']
201800189,01/12/2018,1,6,9,40,"['IMMU', 'MEDI']"
201800142,01/12/2018,1,14,26,44,['MEDI']
201800180,01/12/2018,1,6,10,41,"['MEDI', 'NEUR']"
201800174,01/12/2018,1,8,10,27,['HEAL']
201800173,01/12/2018,1,2,18,39,"['ENVI', 'PHAR']"
201800187,01/12/2018,1,16,6,22,"['MEDI', 'BIOC']"
201800315,01/11/2018,1,4,5,19,['MULT']
201800127,01/12/2018,1,39,149,158,"['PHYS', 'EART']"
201800118,01/12/2018,1,2305,23,42,['PHYS']
201800120,01/12/2018,1,6,27,34,"['MEDI', 'BIOC']"
201800312,01/11/2018,1,4,3,31,['MULT']
201800116,01/12/2018,1,3,6,48,['DENT']
201800324,01/11/2018,1,6,,12,['MEDI']
201800129,01/12/2018,1,7,10,135,"['BIOC', 'MEDI']"
201800323,01/11/2018,1,2,,12,['MEDI']
201800111,01/12/2018,1,2297,38,54,['PHYS']
201800097,01/12/2018,1,2,5,20,['MATH']
201800251,30/11/2018,1,17,10,29,"['ENVI', 'AGRI']"
201800063,04/12/2018,1,2,3,17,['ENGI']
201800269,22/11/2018,1,4,29,57,['BUSI']
201800064,04/12/2018,1,5,8,44,['ENGI']
201800256,29/11/2018,1,2,11,58,"['SOCI', 'ENER', 'ENVI']"
201800090,01/12/2018,1,3,3,14,['COMP']
201800099,01/12/2018,1,4,3,18,['MULT']
201800052,07/12/2018,1,1,3,57,['SOCI']
201800260,28/11/2018,1,2,3,5,"['COMP', 'ENGI']"
201800294,05/11/2018,1,3,3,10,['COMP']
201800258,28/11/2018,1,2,21,75,"['MEDI', 'BIOC']"
201800293,06/11/2018,1,1,27,65,"['BUSI', 'SOCI']"
201800267,26/11/2018,1,4,0,18,"['CHEM', 'MATE', 'ENGI']"
201800055,06/12/2018,1,4,20,33,['MEDI']
201800001,31/12/2018,1,2,1,4,"['ENGI', 'MATE']"
201800233,01/12/2018,1,2,12,18,['MULT']
201800234,01/12/2018,1,2,30,55,"['NEUR', 'MEDI']"
201800006,30/12/2018,1,6,14,20,['BIOC']
201800039,14/12/2018,1,2,4,11,['COMP']
201800202,01/12/2018,1,5,59,64,"['CHEM', 'MATE']"
201800030,19/12/2018,1,3,0,6,['PHYS']
201800037,15/12/2018,1,4,20,32,['AGRI']
201800205,01/12/2018,1,3,11,38,"['BIOC', 'IMMU']"
201800008,27/12/2018,1,3,34,20,"['DECI', 'ENGI', 'COMP']"
201800259,28/11/2018,1,2,6,6,"['COMP', 'ENGI']"
201800054,06/12/2018,1,3,2,27,['MEDI']
201800266,26/11/2018,1,11,1,13,"['ENER', 'ENGI', 'MATE']"
201800292,06/11/2018,1,3,3,12,"['MATE', 'ENGI']"
201800098,01/12/2018,1,8,10,71,['MULT']
201800295,05/11/2018,1,2,6,34,['COMP']
201800261,28/11/2018,1,2,8,16,"['COMP', 'ENGI']"
201800053,06/12/2018,1,4,5,24,['MEDI']
201800268,26/11/2018,1,6,16,72,"['CHEM', 'BIOC', 'PHAR', 'MEDI']"
201800091,01/12/2018,1,2,7,8,['COMP']
201800257,28/11/2018,1,5,16,48,"['MEDI', 'BIOC']"
201800065,04/12/2018,1,4,7,32,['ENGI']
201800062,04/12/2018,1,2,0,21,['ENGI']
201800250,01/12/2018,1,2,1,40,['ECON']
201800096,01/12/2018,1,2,,19,['AGRI']
201800204,01/12/2018,1,3,19,35,"['PHYS', 'ENGI']"
201800036,15/12/2018,1,6,1,,"['MATE', 'PHYS', 'CHEM']"
201800009,26/12/2018,1,2,3,36,"['MATE', 'PHYS', 'CHEM']"
201800031,19/12/2018,1,2,1,9,['PHYS']
201800203,01/12/2018,1,7,8,58,['BIOC']
201800007,28/12/2018,1,3,0,111,['MEDI']
201800235,01/12/2018,1,12,35,51,['MULT']
201800038,14/12/2018,1,2,3,24,['COMP']
201800232,01/12/2018,1,3,12,56,['AGRI']
201800000,31/12/2018,1,2,1,76,['MEDI']
201900136,01/12/2019,1,2299,43,46,['PHYS']
201900109,01/12/2019,1,4,,42,['VETE']
201900131,01/12/2019,1,7,8,33,"['MEDI', 'BIOC']"
201900107,01/12/2019,1,4,,31,['VETE']
201900138,01/12/2019,1,6,12,43,"['CENG', 'CHEM']"
201900100,01/12/2019,1,3,2,9,"['BUSI', 'COMP', 'DECI', 'PHYS']"
201900154,01/12/2019,1,15,58,,['MEDI']
201900198,01/12/2019,1,84,32,24,['MEDI']
201900153,01/12/2019,1,6,10,29,['MEDI']
201900191,01/12/2019,1,4,5,26,['MEDI']
201900165,01/12/2019,1,3,0,14,['MEDI']
201900162,01/12/2019,1,4,42,21,"['AGRI', 'NURS']"
201900196,01/12/2019,1,10,27,33,"['ENVI', 'AGRI']"
201900101,01/12/2019,1,11,3,11,['MEDI']
201900106,01/12/2019,1,4,,35,['VETE']
201900139,01/12/2019,1,7,6,50,"['CENG', 'MATE']"
201900130,01/12/2019,1,2,7,7,"['PHAR', 'ENVI']"
201900137,01/12/2019,1,5,24,37,['MULT']
201900108,01/12/2019,1,4,,39,['VETE']
201900197,01/12/2019,1,6,7,25,['PHAR']
201900163,01/12/2019,1,3,2,48,['AGRI']
201900164,01/12/2019,1,5,8,47,['MEDI']
201900190,01/12/2019,1,15,3,30,"['MEDI', 'BIOC']"
201900199,01/12/2019,1,3,5,25,"['MATE', 'ENGI', 'BIOC', 'MEDI']"
201900152,01/12/2019,1,2,17,48,['ECON']
201900155,01/12/2019,1,11,48,61,['MULT']
201900215,01/12/2019,1,4,3,32,['MEDI']
201900027,16/12/2019,1,4,0,20,['PHYS']
201900018,19/12/2019,1,6,7,45,['BIOC']
201900020,19/12/2019,1,4,0,15,['BIOC']
201900212,01/12/2019,1,5,13,48,"['PHYS', 'MATE', 'CHEM']"
201900016,19/12/2019,1,3,0,26,['BIOC']
201900224,01/12/2019,1,7,17,30,"['MEDI', 'IMMU']"
201900029,16/12/2019,1,2,0,8,['PHYS']
201900223,01/12/2019,1,3,49,67,"['ENGI', 'SOCI', 'EART']"
201900011,21/12/2019,1,4,8,26,['SOCI']
201900248,01/12/2019,1,2,53,72,['EART']
201900045,15/12/2019,1,3,4,16,"['NEUR', 'MEDI']"
201900277,01/12/2019,1,6,5,41,"['IMMU', 'MEDI']"
201900283,01/12/2019,1,24,51,81,['MULT']
201900089,02/12/2019,1,16,5,15,"['ENVI', 'MEDI']"
201900284,01/12/2019,1,3,1,38,"['SOCI', 'PSYC']"
201900270,01/12/2019,1,3,24,36,['MULT']
201900042,15/12/2019,1,4,31,86,['EART']
201900279,01/12/2019,1,3,1,42,['ECON']
201900080,06/12/2019,1,2,11,66,"['ENER', 'PHYS']"
201900246,01/12/2019,1,3,16,27,['AGRI']
201900074,09/12/2019,1,2,3,10,['COMP']
201900073,09/12/2019,1,2,0,13,['COMP']
201900241,01/12/2019,1,7,28,44,['MULT']
201900087,03/12/2019,1,2335,32,51,['PHYS']
201900010,21/12/2019,1,3,9,49,"['ENVI', 'IMMU', 'MEDI']"
201900222,01/12/2019,1,2,31,29,['AGRI']
201900225,01/12/2019,1,16,2,52,"['MEDI', 'IMMU']"
201900017,19/12/2019,1,1,0,7,['BIOC']
201900028,16/12/2019,1,4,0,6,['PHYS']
201900213,01/12/2019,1,3,11,24,['ENGI']
201900021,19/12/2019,1,1,0,9,['BIOC']
201900026,16/12/2019,1,3,0,5,['PHYS']
201900214,01/12/2019,1,2,18,43,"['MATE', 'COMP', 'PHYS', 'CHEM', 'ENGI']"
201900019,19/12/2019,1,3,0,24,['BIOC']
201900086,03/12/2019,1,5,6,20,['PHYS']
201900240,01/12/2019,1,18,20,22,['MEDI']
201900072,09/12/2019,1,2,1,12,['COMP']
201900278,01/12/2019,1,3,14,11,['MEDI']
201900075,09/12/2019,1,2,1,13,['COMP']
201900247,01/12/2019,1,9,17,38,"['PHAR', 'MEDI']"
201900081,06/12/2019,1,7,8,30,"['CHEM', 'BIOC']"
201900088,03/12/2019,1,3,7,72,"['BIOC', 'COMP', 'MATH']"
201900043,15/12/2019,1,16,7,40,['MEDI']
201900271,01/12/2019,1,7,86,56,"['MATE', 'ENGI']"
201900285,01/12/2019,1,5,27,45,['MULT']
201900249,01/12/2019,1,2,1,20,['MEDI']
201900282,01/12/2019,1,5,7,17,['MEDI']
201900276,01/12/2019,1,5,9,42,['MULT']
201900044,15/12/2019,1,22,2,17,['MEDI']
201900092,02/12/2019,1,4,5,8,['MEDI']
201900066,09/12/2019,1,2,2,12,['COMP']
201900254,01/12/2019,1,10,5,85,['MULT']
201900059,11/12/2019,1,5,35,57,"['CHEM', 'CENG', 'ENGI']"
201900253,01/12/2019,1,4,7,54,['MULT']
201900061,10/12/2019,1,4,8,27,"['CHEM', 'CENG', 'MATE']"
201900095,02/12/2019,1,3,8,17,"['MEDI', 'BIOC']"
201900298,30/11/2019,1,2,12,51,['ENGI']
201900265,01/12/2019,1,4,6,22,['MEDI']
201900057,11/12/2019,1,2337,2,41,['PHYS']
201900291,01/12/2019,1,8,24,64,['BIOC']
201900068,09/12/2019,1,2,2,14,['COMP']
201900296,30/11/2019,1,3,4,27,['ENGI']
201900050,15/12/2019,1,5,6,46,"['CHEM', 'ENVI', 'CENG', 'ENGI']"
201900262,01/12/2019,1,2,8,31,['AGRI']
201900209,01/12/2019,1,3,116,54,"['ENGI', 'ENER', 'ENVI']"
201900236,01/12/2019,1,2,13,24,['MULT']
201900004,30/12/2019,1,3,2,19,['BIOC']
201900003,30/12/2019,1,3,1,16,['BIOC']
201900231,01/12/2019,1,4,85,39,['MULT']
201900238,01/12/2019,1,4,28,48,"['CHEM', 'MATE']"
201900035,16/12/2019,1,2,0,9,['PHYS']
201900207,01/12/2019,1,6,1,8,['MEDI']
201900200,01/12/2019,1,4,0,,['MEDI']
201900032,16/12/2019,1,4,0,5,['PHYS']
201900263,01/12/2019,1,3,10,30,"['AGRI', 'ENGI']"
201900051,13/12/2019,1,6,1,29,['COMP']
201900297,30/11/2019,1,4,3,35,['ENGI']
201900290,01/12/2019,1,3,5,35,['MEDI']
201900056,12/12/2019,1,2,1,22,['AGRI']
201900264,01/12/2019,1,5,134,47,['MULT']
201900069,09/12/2019,1,2,2,18,['COMP']
201900094,02/12/2019,1,3,16,62,['MEDI']
201900060,10/12/2019,1,9,19,34,"['ENER', 'ECON']"
201900252,01/12/2019,1,7,27,48,['MULT']
201900299,30/11/2019,1,3,6,21,['ENGI']
201900255,01/12/2019,1,9,30,30,"['BIOC', 'CENG', 'IMMU']"
201900067,09/12/2019,1,2,2,12,['COMP']
201900093,02/12/2019,1,5,24,53,"['BIOC', 'CHEM']"
201900058,11/12/2019,1,4,18,40,"['CHEM', 'AGRI']"
201900033,16/12/2019,1,5,0,19,['PHYS']
201900201,01/12/2019,1,15,59,45,['PHYS']
201900239,01/12/2019,1,5,20,51,['MULT']
201900206,01/12/2019,1,4,19,45,"['IMMU', 'MEDI', 'VETE']"
201900034,16/12/2019,1,3,0,15,['PHYS']
201900230,01/12/2019,1,11,1,34,"['MEDI', 'IMMU', 'BIOC']"
201900002,30/12/2019,1,1,0,7,['BIOC']
201900208,01/12/2019,1,2,4,42,['PHYS']
201900005,30/12/2019,1,2,2,22,['BIOC']
201900237,01/12/2019,1,5,8,51,"['MEDI', 'BIOC', 'AGRI']"
201900183,01/12/2019,1,3,8,37,"['ENVI', 'AGRI']"
201900177,01/12/2019,1,8,9,13,['MEDI']
201900148,01/12/2019,1,7,0,,['MULT']
201900170,01/12/2019,1,4,4,51,"['BIOC', 'CHEM', 'MATH']"
201900184,01/12/2019,1,5,2,36,['MEDI']
201900146,01/12/2019,1,13,0,4,['MEDI']
201900179,01/12/2019,1,3,0,16,"['BIOC', 'IMMU']"
201900141,01/12/2019,1,4,11,82,['PHYS']
201900115,01/12/2019,1,7,8,28,"['COMP', 'SOCI']"
201900112,01/12/2019,1,2,,29,['ENER']
201900124,01/12/2019,1,2,3,73,['ECON']
201900123,01/12/2019,1,4,3,43,"['SOCI', 'ENER']"
201900140,01/12/2019,1,2343,7,21,['PHYS']
201900147,01/12/2019,1,3,8,36,['DENT']
201900178,01/12/2019,1,2,3,37,['MEDI']
201900185,01/12/2019,1,3,16,45,"['ENVI', 'AGRI']"
201900171,01/12/2019,1,9,23,53,['ENVI']
201900176,01/12/2019,1,4,27,47,['MULT']
201900182,01/12/2019,1,5,20,18,"['ENVI', 'CENG', 'ENGI']"
201900149,01/12/2019,1,6,9,32,"['AGRI', 'ENVI']"
201900122,01/12/2019,1,6,14,21,['MEDI']
201900125,01/12/2019,1,8,19,23,"['PHAR', 'MEDI']"
201900113,01/12/2019,1,3,3,11,"['DECI', 'MATH', 'COMP']"
201900114,01/12/2019,1,3,0,67,"['SOCI', 'ENER']"
201900150,01/12/2019,1,5,1,,['MEDI']
201900168,01/12/2019,1,2,0,12,['MATH']
201900157,01/12/2019,1,5,14,31,['DENT']
201900161,01/12/2019,1,2,11,20,"['CENG', 'ENVI']"
201900195,01/12/2019,1,9,12,39,['MEDI']
201900159,01/12/2019,1,6,6,37,['MULT']
201900192,01/12/2019,1,8,29,53,"['IMMU', 'PHAR']"
201900166,01/12/2019,1,11,30,35,"['AGRI', 'ENER', 'ENVI']"
201900300,30/11/2019,1,4,0,22,['ENGI']
201900132,01/12/2019,1,3,7,36,['MULT']
201900135,01/12/2019,1,6,35,58,"['MEDI', 'BIOC']"
201900103,01/12/2019,1,4,0,15,"['COMP', 'ENER', 'ENGI', 'MATH', 'PHYS']"
201900104,01/12/2019,1,14,10,18,"['BUSI', 'COMP', 'DECI', 'PHYS']"
201900158,01/12/2019,1,20,95,90,['MEDI']
201900167,01/12/2019,1,11,18,15,"['MEDI', 'BIOC', 'IMMU']"
201900193,01/12/2019,1,8,10,37,"['MEDI', 'BIOC']"
201900194,01/12/2019,1,6,7,80,"['CHEM', 'MATE']"
201900160,01/12/2019,1,4,10,33,"['CHEM', 'BIOC', 'PHAR', 'MEDI', 'CENG']"
201900169,01/12/2019,1,21,13,30,"['MEDI', 'BIOC']"
201900156,01/12/2019,1,1,14,18,"['SOCI', 'ENGI']"
201900151,01/12/2019,1,5,26,45,"['AGRI', 'ENVI']"
201900105,01/12/2019,1,2,5,97,['BIOC']
201900102,01/12/2019,1,1,,33,"['SOCI', 'ECON']"
201900134,01/12/2019,1,8,6,35,"['MEDI', 'BIOC']"
201900133,01/12/2019,1,11,10,49,['MULT']
201900287,01/12/2019,1,4,17,19,['MULT']
201900041,15/12/2019,1,7,9,11,"['MATH', 'BIOC', 'COMP']"
201900273,01/12/2019,1,6,23,49,['MULT']
201900079,06/12/2019,1,4,7,31,"['ENER', 'ENVI']"
201900274,01/12/2019,1,8,21,49,['MULT']
201900046,15/12/2019,1,2,31,36,['ENVI']
201900280,01/12/2019,1,37,49,26,['MULT']
201900289,01/12/2019,1,8,9,61,['MULT']
201900242,01/12/2019,1,6,33,41,"['MATE', 'CENG']"
201900070,09/12/2019,1,2,4,11,['COMP']
201900084,04/12/2019,1,3,0,15,['PHYS']
201900048,15/12/2019,1,10,95,72,"['CENG', 'ENVI']"
201900083,05/12/2019,1,4,29,26,['MEDI']
201900077,09/12/2019,1,2314,35,54,['PHYS']
201900245,01/12/2019,1,1,1,8,['MEDI']
201900211,01/12/2019,1,5,14,32,['PHAR']
201900023,19/12/2019,1,14,7,34,['MEDI']
201900024,18/12/2019,1,2237,16,43,['PHYS']
201900216,01/12/2019,1,10,68,54,"['CENG', 'ENVI']"
201900229,01/12/2019,1,2,10,25,"['MEDI', 'NURS']"
201900012,20/12/2019,1,2,2,9,['COMP']
201900220,01/12/2019,1,7,5,64,['MULT']
201900227,01/12/2019,1,11,4,43,['BIOC']
201900015,20/12/2019,1,7,33,41,['MEDI']
201900218,01/12/2019,1,3,2,46,['HEAL']
201900049,15/12/2019,1,6,93,39,"['CENG', 'ENVI']"
201900244,01/12/2019,1,2,5,16,['MEDI']
201900076,09/12/2019,1,3,0,14,"['MATE', 'ENGI']"
201900082,05/12/2019,1,20,33,38,"['BIOC', 'IMMU', 'MEDI']"
201900288,01/12/2019,1,2,31,55,['MULT']
201900085,04/12/2019,1,2289,36,74,['PHYS']
201900071,09/12/2019,1,2,1,14,['COMP']
201900243,01/12/2019,1,6,8,14,"['BIOC', 'MEDI']"
201900078,06/12/2019,1,3,0,79,"['ENGI', 'ENVI', 'ECON', 'BUSI']"
201900281,01/12/2019,1,11,30,59,['MULT']
201900047,15/12/2019,1,6,49,68,"['ENGI', 'MATH', 'ENER', 'ENVI']"
201900275,01/12/2019,1,2,71,39,['EART']
201900272,01/12/2019,1,21,24,31,['MEDI']
201900040,16/12/2019,1,2,9,42,['MEDI']
201900286,01/12/2019,1,6,43,86,['MULT']
201900014,20/12/2019,1,2338,45,65,['PHYS']
201900226,01/12/2019,1,11,21,25,['MULT']
201900219,01/12/2019,1,3,11,37,['ENVI']
201900221,01/12/2019,1,6,23,23,['MEDI']
201900013,20/12/2019,1,2,0,8,['COMP']
201900217,01/12/2019,1,6,26,39,"['CHEM', 'CENG', 'PHYS']"
201900025,18/12/2019,1,3,3,24,['NEUR']
201900228,01/12/2019,1,4,31,31,"['MATH', 'COMP', 'SOCI', 'DECI']"
201900022,19/12/2019,1,7,33,41,"['ENER', 'MATH', 'ENGI']"
201900210,01/12/2019,1,13,17,54,"['MEDI', 'NEUR']"
201900232,01/12/2019,1,2,112,39,"['MATH', 'SOCI', 'COMP']"
201900000,31/12/2019,1,6,6,29,"['NURS', 'SOCI']"
201900038,16/12/2019,1,8,42,41,"['MEDI', 'IMMU']"
201900007,26/12/2019,1,12,16,56,['AGRI']
201900235,01/12/2019,1,12,5,29,"['MEDI', 'NEUR']"
201900031,16/12/2019,1,3,3,10,['PHYS']
201900203,01/12/2019,1,6,9,38,['MEDI']
201900009,21/12/2019,1,1,0,18,['COMP']
201900204,01/12/2019,1,27,21,16,['MEDI']
201900036,16/12/2019,1,4,0,6,['PHYS']
201900062,10/12/2019,1,2276,12,39,['PHYS']
201900250,01/12/2019,1,3,11,17,"['MEDI', 'NURS']"
201900096,02/12/2019,1,2,3,18,['MATH']
201900091,02/12/2019,1,8,20,35,"['MEDI', 'NEUR']"
201900257,01/12/2019,1,2,3,15,['MEDI']
201900065,09/12/2019,1,2,1,14,['COMP']
201900268,01/12/2019,1,14,16,25,"['IMMU', 'AGRI', 'VETE']"
201900295,30/11/2019,1,3,0,24,['ARTS']
201900261,01/12/2019,1,5,57,62,"['MATH', 'SOCI', 'COMP']"
201900053,13/12/2019,1,5,0,15,['COMP']
201900098,01/12/2019,1,4,0,25,['MEDI']
201900054,13/12/2019,1,5,2,34,['COMP']
201900266,01/12/2019,1,6,21,40,['MULT']
201900292,01/12/2019,1,6,26,30,"['CHEM', 'CENG']"
201900259,01/12/2019,1,4,113,144,"['MATH', 'SOCI', 'COMP']"
201900008,26/12/2019,1,4,9,32,"['CHEM', 'CENG', 'ENGI']"
201900037,16/12/2019,1,2,1,13,['PHYS']
201900205,01/12/2019,1,7,71,43,['MULT']
201900202,01/12/2019,1,7,35,50,['MULT']
201900030,16/12/2019,1,1,1,41,['PHYS']
201900039,16/12/2019,1,4,8,27,['MEDI']
201900234,01/12/2019,1,9,25,50,['MULT']
201900006,30/12/2019,1,2,3,14,['BIOC']
201900001,30/12/2019,1,4,3,34,['MEDI']
201900233,01/12/2019,1,2,3,27,['AGRI']
201900293,30/11/2019,1,2,6,16,['ENGI']
201900267,01/12/2019,1,7,35,35,['MULT']
201900055,13/12/2019,1,6,15,44,['CHEM']
201900258,01/12/2019,1,5,1,27,['MEDI']
201900052,13/12/2019,1,3,1,13,['COMP']
201900260,01/12/2019,1,4,2,44,['EART']
201900294,30/11/2019,1,2,1,37,['ENGI']
201900099,01/12/2019,1,6,3,18,"['SOCI', 'COMP', 'ENGI']"
201900064,09/12/2019,1,2,5,14,['COMP']
201900256,01/12/2019,1,7,16,29,"['CHEM', 'CENG']"
201900090,02/12/2019,1,7,5,13,['MEDI']
201900269,01/12/2019,1,3,3,15,"['BUSI', 'ECON']"
201900097,01/12/2019,1,2,1,31,"['SOCI', 'ARTS']"
201900251,01/12/2019,1,8,36,48,"['IMMU', 'PHAR', 'MEDI']"
201900063,09/12/2019,1,2,2,11,['COMP']
201900111,01/12/2019,1,2,0,16,"['SOCI', 'ECON']"
201900129,01/12/2019,1,2,,12,['MATH']
201900116,01/12/2019,1,2,14,26,['SOCI']
201900120,01/12/2019,1,3,0,20,"['ECON', 'BUSI', 'ENVI']"
201900118,01/12/2019,1,8,7,37,['CENG']
201900127,01/12/2019,1,8,24,32,['VETE']
201900173,01/12/2019,1,5,6,29,"['CHEM', 'MATH', 'AGRI', 'PHYS', 'EART']"
201900187,01/12/2019,1,6,104,39,"['ENGI', 'ENER']"
201900180,01/12/2019,1,6,13,8,['MEDI']
201900174,01/12/2019,1,2,35,47,['PHAR']
201900142,01/12/2019,1,2313,75,83,['PHYS']
201900189,01/12/2019,1,10,33,30,['MULT']
201900145,01/12/2019,1,6,12,29,['IMMU']
201900119,01/12/2019,1,3,13,25,['MATH']
201900126,01/12/2019,1,3,6,15,"['MEDI', 'BIOC']"
201900121,01/12/2019,1,9,5,28,['ENGI']
201900128,01/12/2019,1,2,2,20,"['PHAR', 'ENVI']"
201900117,01/12/2019,1,4,8,47,['CENG']
201900110,01/12/2019,1,3,,17,['VETE']
201900144,01/12/2019,1,8,29,85,['MEDI']
201900143,01/12/2019,1,2342,23,95,['PHYS']
201900188,01/12/2019,1,4,3,24,"['IMMU', 'VETE']"
201900175,01/12/2019,1,6,77,35,['CHEM']
201900181,01/12/2019,1,8,37,58,"['PHYS', 'HEAL', 'BIOC', 'MEDI']"
201900186,01/12/2019,1,7,33,98,['PHAR']
201900172,01/12/2019,1,5,20,30,"['AGRI', 'NURS']"
202000143,01/12/2020,1,6,7,27,"['MEDI', 'HEAL']"
202000188,01/12/2020,1,23,20,35,['MEDI']
202000144,01/12/2020,1,7,11,32,"['ENER', 'ENGI', 'ENVI']"
202000186,01/12/2020,1,5,13,84,"['BUSI', 'COMP', 'SOCI', 'ECON']"
202000172,01/12/2020,1,8,11,35,['MEDI']
202000175,01/12/2020,1,10,4,22,"['MEDI', 'IMMU', 'VETE']"
202000181,01/12/2020,1,3,2,26,"['VETE', 'AGRI', 'BIOC']"
202000121,01/12/2020,1,5,21,37,['MULT']
202000119,01/12/2020,1,3,2,60,"['MEDI', 'SOCI', 'NURS']"
202000126,01/12/2020,1,4,7,56,"['CHEM', 'BIOC', 'PHAR']"
202000110,01/12/2020,1,3,17,44,['PHYS']
202000128,01/12/2020,1,7,6,33,"['CHEM', 'MATE']"
202000117,01/12/2020,1,4,4,18,['ENVI']
202000180,01/12/2020,1,8,50,591,['MEDI']
202000174,01/12/2020,1,3,14,6,['MEDI']
202000173,01/12/2020,1,7,15,63,['MULT']
202000187,01/12/2020,1,4,12,57,['AGRI']
202000145,01/12/2020,1,4,7,34,"['ENGI', 'MATE', 'PHYS']"
202000142,01/12/2020,1,4,12,138,"['BIOC', 'CENG', 'IMMU', 'ENGI']"
202000189,01/12/2020,1,9,33,90,"['IMMU', 'ENVI', 'AGRI']"
202000129,01/12/2020,1,5,19,37,['MEDI']
202000116,01/12/2020,1,2,3,40,['MEDI']
202000111,01/12/2020,1,8,10,5,"['BIOC', 'MEDI']"
202000118,01/12/2020,1,6,7,37,"['BIOC', 'AGRI']"
202000127,01/12/2020,1,5,8,113,"['MEDI', 'NEUR']"
202000120,01/12/2020,1,4,11,24,"['AGRI', 'NURS']"
202000052,02/12/2020,1,6,21,46,"['NEUR', 'BIOC', 'AGRI']"
202000260,01/12/2020,1,5,1,24,"['MEDI', 'DENT']"
202000294,01/12/2020,1,4,11,29,['MULT']
202000099,01/12/2020,1,5,2,30,['MEDI']
202000293,01/12/2020,1,28,94,168,"['MEDI', 'NEUR']"
202000267,01/12/2020,1,5,3,7,['MEDI']
202000055,01/12/2020,1,7,10,55,['MEDI']
202000258,01/12/2020,1,11,34,31,"['BIOC', 'PHYS', 'CHEM', 'CENG']"
202000097,01/12/2020,1,5,0,30,['MEDI']
202000251,01/12/2020,1,4,3,34,"['BIOC', 'IMMU']"
202000063,01/12/2020,1,1,,,"['ARTS', 'SOCI']"
202000064,01/12/2020,1,2,,28,['MATH']
202000256,01/12/2020,1,5,3,51,['AGRI']
202000090,01/12/2020,1,3,2,46,"['ENGI', 'COMP']"
202000269,01/12/2020,1,8,45,39,"['MATH', 'COMP', 'SOCI', 'DECI']"
202000202,01/12/2020,1,3,7,34,"['COMP', 'SOCI']"
202000030,11/12/2020,1,3,17,75,['PSYC']
202000008,22/12/2020,1,2,0,27,"['MATE', 'ENGI']"
202000037,10/12/2020,1,4,38,58,"['ENGI', 'MATE']"
202000205,01/12/2020,1,2,11,35,"['COMP', 'ENGI']"
202000001,30/12/2020,1,8,80,74,"['PHYS', 'MATE']"
202000233,01/12/2020,1,3,39,58,"['MATE', 'CHEM']"
202000039,08/12/2020,1,2,3,15,"['ENGI', 'SOCI']"
202000234,01/12/2020,1,10,11,28,['MULT']
202000006,22/12/2020,1,10,0,,"['MATE', 'ENGI']"
202000091,01/12/2020,1,2,7,27,"['ENER', 'ENGI']"
202000257,01/12/2020,1,12,3,29,['EART']
202000065,01/12/2020,1,4,11,130,"['ENGI', 'ENVI', 'MATE', 'PHYS', 'CENG', 'EART']"
202000268,01/12/2020,1,9,7,17,['MEDI']
202000062,01/12/2020,1,1,2,55,"['SOCI', 'ARTS']"
202000250,01/12/2020,1,8,19,41,['MULT']
202000096,01/12/2020,1,2299,20,45,"['COMP', 'PHYS']"
202000054,01/12/2020,1,32,62,45,['MEDI']
202000266,01/12/2020,1,11,0,,['MULT']
202000292,01/12/2020,1,7,5,32,['MULT']
202000259,01/12/2020,1,7,25,31,['MEDI']
202000295,01/12/2020,1,2,5,6,['MEDI']
202000261,01/12/2020,1,3,10,42,"['MATE', 'ENGI']"
202000053,02/12/2020,1,2,1,20,"['BIOC', 'ENGI', 'MEDI']"
202000098,01/12/2020,1,2,0,24,['MEDI']
202000038,09/12/2020,1,3,3,17,"['ENVI', 'EART']"
202000007,22/12/2020,1,4,1,22,"['MATE', 'ENGI']"
202000235,01/12/2020,1,7,5,30,['BIOC']
202000232,01/12/2020,1,4,44,60,"['ENGI', 'MATE']"
202000000,30/12/2020,1,2,9,40,['PHYS']
202000009,22/12/2020,1,2,5,21,"['MATE', 'ENGI']"
202000204,01/12/2020,1,6,24,51,"['ENGI', 'MATE']"
202000036,10/12/2020,1,106,115,47,"['PHYS', 'EART']"
202000031,11/12/2020,1,7,29,38,"['MATE', 'CENG', 'CHEM']"
202000203,01/12/2020,1,4,20,41,['MULT']
202000221,01/12/2020,1,11,5,46,"['MEDI', 'IMMU', 'VETE']"
202000013,21/12/2020,1,3,15,84,['CHEM']
202000014,20/12/2020,1,2,54,69,"['ENER', 'ENVI', 'BUSI', 'ENGI']"
202000226,01/12/2020,1,3,18,25,"['SOCI', 'ENER', 'ENVI']"
202000219,01/12/2020,1,6,10,30,['MEDI']
202000022,15/12/2020,1,9,7,125,"['BIOC', 'PHAR', 'CHEM']"
202000210,01/12/2020,1,4,3,34,"['BIOC', 'MEDI']"
202000217,01/12/2020,1,6,57,35,['DENT']
202000025,15/12/2020,1,1,3,65,"['BUSI', 'ECON']"
202000228,01/12/2020,1,10,17,37,['MULT']
202000288,01/12/2020,1,3,3,3,['MEDI']
202000085,01/12/2020,1,5,1,37,"['ENVI', 'ENGI']"
202000071,01/12/2020,1,3,4,13,"['COMP', 'DECI']"
202000243,01/12/2020,1,4,24,36,"['CHEM', 'COMP', 'MATE']"
202000049,02/12/2020,1,5,5,35,"['ENER', 'MATH', 'ENGI']"
202000244,01/12/2020,1,6,5,18,['MEDI']
202000076,01/12/2020,1,7,18,34,"['ENGI', 'MATE', 'MEDI']"
202000082,01/12/2020,1,2,6,52,"['ARTS', 'ECON']"
202000272,01/12/2020,1,6,12,151,['EART']
202000040,07/12/2020,1,2340,48,55,['PHYS']
202000286,01/12/2020,1,8,22,64,['MULT']
202000078,01/12/2020,1,11,4,55,['MULT']
202000281,01/12/2020,1,6,35,40,"['MATH', 'COMP', 'SOCI', 'DECI']"
202000047,03/12/2020,1,2,36,65,"['CHEM', 'MATE']"
202000275,01/12/2020,1,4,5,57,['MULT']
202000024,15/12/2020,1,3,26,35,['ENER']
202000216,01/12/2020,1,3,8,43,['MULT']
202000229,01/12/2020,1,6,16,49,"['BIOC', 'IMMU']"
202000211,01/12/2020,1,2,8,20,['AGRI']
202000023,15/12/2020,1,11,3,31,['MEDI']
202000227,01/12/2020,1,13,16,81,"['IMMU', 'VETE', 'AGRI', 'MEDI']"
202000015,20/12/2020,1,2,38,266,"['PHAR', 'NEUR']"
202000218,01/12/2020,1,6,7,29,['MEDI']
202000012,21/12/2020,1,4,23,53,"['ENGI', 'MATH', 'CENG']"
202000220,01/12/2020,1,35,87,46,['MEDI']
202000079,01/12/2020,1,7,7,29,['MULT']
202000274,01/12/2020,1,3,8,43,"['BIOC', 'AGRI']"
202000046,03/12/2020,1,3,4,71,['VETE']
202000280,01/12/2020,1,7,4,49,['MEDI']
202000287,01/12/2020,1,2,68,36,"['ARTS', 'SOCI', 'PSYC', 'ECON']"
202000041,07/12/2020,1,3,3,24,['EART']
202000273,01/12/2020,1,10,9,113,['MULT']
202000048,03/12/2020,1,8,7,50,"['BIOC', 'IMMU', 'VETE', 'MEDI']"
202000083,01/12/2020,1,2,,29,['ENGI']
202000077,01/12/2020,1,7,2,19,"['MEDI', 'BIOC']"
202000245,01/12/2020,1,2,33,56,"['AGRI', 'SOCI', 'ENVI']"
202000289,01/12/2020,1,7,23,55,['MULT']
202000242,01/12/2020,1,5,6,47,['MEDI']
202000070,01/12/2020,1,4,1,26,['AGRI']
202000084,01/12/2020,1,25,3,46,"['MEDI', 'IMMU']"
202000102,01/12/2020,1,2316,9,67,['PHYS']
202000105,01/12/2020,1,2366,31,107,['PHYS']
202000133,01/12/2020,1,4,3,21,"['BIOC', 'AGRI']"
202000134,01/12/2020,1,5,11,50,['ENER']
202000194,01/12/2020,1,5,22,38,"['AGRI', 'CHEM', 'ENGI']"
202000160,01/12/2020,1,1,1,,['MEDI']
202000158,01/12/2020,1,3,2,50,['MEDI']
202000167,01/12/2020,1,6,10,45,['MULT']
202000193,01/12/2020,1,4,2,91,"['PHYS', 'EART']"
202000151,01/12/2020,1,3,3,45,"['CHEM', 'MATE', 'PHYS']"
202000169,01/12/2020,1,6,41,182,"['MATE', 'ENGI', 'PHAR']"
202000156,01/12/2020,1,35,11,,['MEDI']
202000135,01/12/2020,1,3,6,37,"['CENG', 'ENGI']"
202000300,01/12/2020,1,6,6,27,['MEDI']
202000132,01/12/2020,1,4,29,54,['MATE']
202000104,01/12/2020,1,6,8,17,['MEDI']
202000103,01/12/2020,1,4,4,33,['VETE']
202000168,01/12/2020,1,2,8,28,['NURS']
202000157,01/12/2020,1,9,12,26,['MULT']
202000150,01/12/2020,1,4,12,52,"['CENG', 'CHEM']"
202000159,01/12/2020,1,6,28,41,['MULT']
202000192,01/12/2020,1,3,13,33,"['CENG', 'CHEM']"
202000166,01/12/2020,1,5,21,24,"['ENVI', 'IMMU', 'AGRI']"
202000161,01/12/2020,1,3,11,26,['BIOC']
202000195,01/12/2020,1,11,10,61,"['BIOC', 'PHAR']"
202000125,01/12/2020,1,6,9,61,"['ENVI', 'MEDI']"
202000122,01/12/2020,1,10,7,44,['MULT']
202000114,01/12/2020,1,9,6,28,['MEDI']
202000113,01/12/2020,1,7,25,38,['MEDI']
202000147,01/12/2020,1,4,3,24,['BIOC']
202000178,01/12/2020,1,7,15,39,['MULT']
202000140,01/12/2020,1,14,16,35,"['IMMU', 'MEDI']"
202000176,01/12/2020,1,5,8,59,"['ENGI', 'COMP']"
202000182,01/12/2020,1,13,3,37,['MEDI']
202000149,01/12/2020,1,5,4,27,['MULT']
202000185,01/12/2020,1,35,443,149,['MEDI']
202000171,01/12/2020,1,35,59,15,['AGRI']
202000112,01/12/2020,1,4,17,104,['ENVI']
202000115,01/12/2020,1,3,20,52,['MEDI']
202000123,01/12/2020,1,3,2,32,"['ENGI', 'PHYS']"
202000124,01/12/2020,1,7,5,62,['MULT']
202000170,01/12/2020,1,2,9,23,['MEDI']
202000184,01/12/2020,1,12,6,23,"['BIOC', 'MEDI']"
202000183,01/12/2020,1,5,33,56,"['CENG', 'ENVI']"
202000177,01/12/2020,1,6,11,42,['MATE']
202000148,01/12/2020,1,6,9,28,['MEDI']
202000141,01/12/2020,1,6,10,53,['MEDI']
202000146,01/12/2020,1,8,4,35,['MULT']
202000179,01/12/2020,1,11,98,55,['MULT']
202000239,01/12/2020,1,6,11,83,['EART']
202000206,01/12/2020,1,29,25,20,['MEDI']
202000034,10/12/2020,1,2355,40,50,['PHYS']
202000033,10/12/2020,1,2,0,18,"['COMP', 'DECI']"
202000201,01/12/2020,1,12,28,36,['MULT']
202000208,01/12/2020,1,5,6,41,"['CENG', 'CHEM', 'MATE']"
202000005,22/12/2020,1,2,0,8,"['MATE', 'ENGI']"
202000237,01/12/2020,1,3,40,33,"['BUSI', 'COMP', 'SOCI', 'ECON']"
202000230,01/12/2020,1,2,21,26,"['CENG', 'ENVI', 'ENER']"
202000002,30/12/2020,1,7,16,44,"['ENGI', 'MATE']"
202000290,01/12/2020,1,6,6,30,['MEDI']
202000056,01/12/2020,1,3,14,46,"['AGRI', 'IMMU', 'SOCI', 'HEAL']"
202000264,01/12/2020,1,5,51,55,['MULT']
202000069,01/12/2020,1,13,4,21,['MEDI']
202000263,01/12/2020,1,9,13,63,['MULT']
202000051,02/12/2020,1,2,0,30,"['ENVI', 'EART']"
202000297,01/12/2020,1,8,32,51,['MULT']
202000255,01/12/2020,1,4,20,36,['MEDI']
202000067,01/12/2020,1,3,,31,['VETE']
202000093,01/12/2020,1,8,4,35,"['CENG', 'MATE']"
202000058,01/12/2020,1,4,,28,"['BUSI', 'ECON']"
202000094,01/12/2020,1,3,0,9,"['COMP', 'CHEM', 'MATH', 'PHYS']"
202000060,01/12/2020,1,6,,28,['MEDI']
202000252,01/12/2020,1,6,14,33,['MULT']
202000299,01/12/2020,1,10,8,42,['MULT']
202000003,30/12/2020,1,4,37,31,"['ENGI', 'MATE']"
202000231,01/12/2020,1,2,29,33,"['BIOC', 'ECON', 'ENER']"
202000209,01/12/2020,1,4,9,23,"['BIOC', 'AGRI']"
202000236,01/12/2020,1,9,10,4,['MEDI']
202000004,27/12/2020,1,2,4,7,['MEDI']
202000200,01/12/2020,1,10,8,340,"['BIOC', 'PHAR']"
202000032,10/12/2020,1,3,0,11,"['BUSI', 'COMP', 'MEDI', 'SOCI']"
202000238,01/12/2020,1,8,5,54,['MULT']
202000035,10/12/2020,1,24,48,160,"['PHYS', 'EART']"
202000207,01/12/2020,1,8,676,65,['MULT']
202000253,01/12/2020,1,6,29,52,['ENGI']
202000061,01/12/2020,1,2,2,13,"['SOCI', 'ARTS']"
202000095,01/12/2020,1,2,,18,"['ECON', 'SOCI', 'BUSI']"
202000298,01/12/2020,1,6,2,64,"['CENG', 'CHEM']"
202000092,01/12/2020,1,138,24,54,['MULT']
202000066,01/12/2020,1,2,,27,['VETE']
202000254,01/12/2020,1,5,28,62,['ENVI']
202000059,01/12/2020,1,2366,5,44,"['ENGI', 'PHYS']"
202000296,01/12/2020,1,6,2,42,['MULT']
202000050,02/12/2020,1,3,3,46,"['ENVI', 'MEDI']"
202000262,01/12/2020,1,6,8,40,"['ENVI', 'MATE']"
202000265,01/12/2020,1,3,32,33,"['ENVI', 'MATE']"
202000057,01/12/2020,1,3,,48,"['BUSI', 'ECON']"
202000291,01/12/2020,1,5,34,34,['MULT']
202000068,01/12/2020,1,3,,37,['VETE']
202000278,01/12/2020,1,1,25,89,"['BUSI', 'SOCI', 'ENVI']"
202000075,01/12/2020,1,5,6,47,"['COMP', 'PHYS', 'ENGI']"
202000247,01/12/2020,1,8,36,54,['AGRI']
202000081,01/12/2020,1,2,2,21,['ENER']
202000086,01/12/2020,1,6,12,41,['MEDI']
202000240,01/12/2020,1,10,14,24,['MEDI']
202000072,01/12/2020,1,7,10,44,['MULT']
202000249,01/12/2020,1,6,23,55,['MULT']
202000282,01/12/2020,1,9,32,59,['MULT']
202000276,01/12/2020,1,3,24,31,['MULT']
202000044,03/12/2020,1,4,52,174,['AGRI']
202000088,01/12/2020,1,7,1,9,['MEDI']
202000043,05/12/2020,1,5,15,53,['ENVI']
202000271,01/12/2020,1,4,6,36,"['ENVI', 'CHEM']"
202000285,01/12/2020,1,9,17,45,['MULT']
202000225,01/12/2020,1,5,2,31,"['MEDI', 'DENT']"
202000017,18/12/2020,1,7,29,,['BIOC']
202000028,15/12/2020,1,3,6,37,"['CHEM', 'ENVI', 'CENG', 'ENGI']"
202000010,22/12/2020,1,29,23,35,['MEDI']
202000222,01/12/2020,1,4,5,46,"['BIOC', 'CHEM']"
202000026,15/12/2020,1,3,25,63,"['BIOC', 'ECON', 'ENER']"
202000214,01/12/2020,1,2,43,30,['MEDI']
202000019,16/12/2020,1,5,2,26,['COMP']
202000213,01/12/2020,1,5,27,157,"['BIOC', 'AGRI']"
202000021,15/12/2020,1,2,2,8,"['ENVI', 'EART']"
202000089,01/12/2020,1,4,6,18,['ENER']
202000284,01/12/2020,1,140,8,46,['PSYC']
202000270,01/12/2020,1,3,1,14,"['PHAR', 'MEDI']"
202000042,05/12/2020,1,9,7,39,"['PHYS', 'MATE', 'CHEM']"
202000248,01/12/2020,1,8,10,37,"['IMMU', 'AGRI', 'MEDI']"
202000045,03/12/2020,1,6,7,83,"['NEUR', 'MEDI']"
202000277,01/12/2020,1,11,11,36,"['ENVI', 'EART']"
202000283,01/12/2020,1,2,1,6,['MEDI']
202000073,01/12/2020,1,5,2,26,['MULT']
202000241,01/12/2020,1,5,4,13,['MEDI']
202000087,01/12/2020,1,3,,40,"['BIOC', 'CHEM', 'CENG', 'ENER', 'ENVI', 'AGRI', 'EART']"
202000279,01/12/2020,1,1,1,90,['SOCI']
202000080,01/12/2020,1,4,3,16,['ENER']
202000246,01/12/2020,1,6,21,5,"['ENER', 'EART']"
202000074,01/12/2020,1,5,1,16,['CHEM']
202000020,16/12/2020,1,3,2,20,['COMP']
202000212,01/12/2020,1,29,234,150,['MEDI']
202000215,01/12/2020,1,12,35,41,"['BIOC', 'ENVI']"
202000027,15/12/2020,1,2,4,30,"['SOCI', 'COMP']"
202000018,18/12/2020,1,6,11,48,['BIOC']
202000223,01/12/2020,1,4,26,34,['AGRI']
202000011,22/12/2020,1,8,29,48,"['CHEM', 'MATE']"
202000016,18/12/2020,1,7,8,30,['MEDI']
202000224,01/12/2020,1,8,23,95,['EART']
202000029,14/12/2020,1,7,15,49,"['CHEM', 'ENVI', 'CENG', 'ENER']"
202000164,01/12/2020,1,14,15,26,['MEDI']
202000190,01/12/2020,1,4,62,74,"['CENG', 'ENVI']"
202000197,01/12/2020,1,5,18,54,['ENER']
202000163,01/12/2020,1,4,22,49,['MULT']
202000155,01/12/2020,1,24,5,35,['MEDI']
202000199,01/12/2020,1,6,3,20,"['IMMU', 'MEDI']"
202000152,01/12/2020,1,3,53,46,['MULT']
202000106,01/12/2020,1,5,13,38,"['MEDI', 'IMMU']"
202000139,01/12/2020,1,4,10,36,"['BIOC', 'AGRI']"
202000101,01/12/2020,1,4,1,22,['MEDI']
202000137,01/12/2020,1,7,23,40,"['MATE', 'PHYS', 'ENGI']"
202000108,01/12/2020,1,5,18,91,"['AGRI', 'NURS']"
202000130,01/12/2020,1,3,0,39,['CENG']
202000198,01/12/2020,1,1,0,10,['MEDI']
202000153,01/12/2020,1,6,28,63,"['CHEM', 'BIOC']"
202000154,01/12/2020,1,239,18,46,"['PSYC', 'MEDI']"
202000162,01/12/2020,1,4,44,129,"['MATE', 'ENGI']"
202000196,01/12/2020,1,3,2,34,"['CENG', 'MATE']"
202000191,01/12/2020,1,16,13,39,['MULT']
202000165,01/12/2020,1,3,21,141,"['ENVI', 'EART']"
202000131,01/12/2020,1,8,4,40,['MEDI']
202000136,01/12/2020,1,8,16,83,['MULT']
202000109,01/12/2020,1,10,8,70,['MULT']
202000100,01/12/2020,1,6,1,30,['MEDI']
202000107,01/12/2020,1,3,10,37,['MULT']
202000138,01/12/2020,1,5,11,50,['COMP']
202100031,15/12/2021,1,2,0,32,['MULT']
202100203,01/12/2021,1,8,5,58,['MULT']
202100204,01/12/2021,1,2,11,36,"['BUSI', 'ARTS', 'SOCI', 'PSYC', 'ECON']"
202100036,15/12/2021,1,5,19,38,"['PHAR', 'ENVI']"
202100009,28/12/2021,1,3,3,60,"['PHYS', 'CHEM']"
202100232,01/12/2021,1,6,7,45,"['MEDI', 'BIOC']"
202100000,31/12/2021,1,2,0,45,['MEDI']
202100007,30/12/2021,1,1,4,24,"['BUSI', 'SOCI', 'ECON']"
202100235,01/12/2021,1,4,8,65,['MEDI']
202100038,15/12/2021,1,2,30,47,['ENVI']
202100098,01/12/2021,1,6,4,30,['MEDI']
202100295,01/12/2021,1,9,24,59,"['AGRI', 'VETE']"
202100261,01/12/2021,1,6,2,56,['IMMU']
202100053,03/12/2021,1,2,0,15,['COMP']
202100259,01/12/2021,1,4,28,93,['ECON']
202100054,03/12/2021,1,6,12,5,"['MEDI', 'IMMU']"
202100266,01/12/2021,1,4,21,49,['MULT']
202100292,01/12/2021,1,4,4,36,['MEDI']
202100062,02/12/2021,1,7,6,112,['AGRI']
202100250,01/12/2021,1,3,1,39,['MEDI']
202100096,01/12/2021,1,5,1,9,['MEDI']
202100268,01/12/2021,1,4,8,48,"['COMP', 'ENGI']"
202100091,01/12/2021,1,70,140,155,['BIOC']
202100257,01/12/2021,1,3,4,54,['CHEM']
202100065,01/12/2021,1,6,10,11,['MEDI']
202100234,01/12/2021,1,9,1,36,['MEDI']
202100006,30/12/2021,1,6,0,44,['BUSI']
202100039,15/12/2021,1,3,26,96,"['BIOC', 'ENGI', 'CHEM']"
202100001,31/12/2021,1,3,14,58,['PHYS']
202100233,01/12/2021,1,6,4,40,['BIOC']
202100037,15/12/2021,1,13,14,58,"['MATE', 'CENG']"
202100205,01/12/2021,1,8,0,,['MULT']
202100008,28/12/2021,1,8,17,56,"['CHEM', 'CENG']"
202100202,01/12/2021,1,1,0,15,['AGRI']
202100030,15/12/2021,1,1,2,57,"['MATE', 'PHYS']"
202100269,01/12/2021,1,5,9,43,"['MATE', 'PHYS', 'CHEM']"
202100064,01/12/2021,1,1,0,39,"['ARTS', 'SOCI']"
202100256,01/12/2021,1,7,5,51,['MULT']
202100090,01/12/2021,1,25,27,22,['MEDI']
202100097,01/12/2021,1,3,2,37,"['SOCI', 'MEDI']"
202100251,01/12/2021,1,3,8,34,"['PHYS', 'CHEM', 'MATE']"
202100063,02/12/2021,1,9,0,34,['MEDI']
202100258,01/12/2021,1,47,13,27,['MEDI']
202100293,01/12/2021,1,6,15,36,['ENGI']
202100267,01/12/2021,1,7,8,34,"['ENGI', 'CHEM', 'EART']"
202100055,03/12/2021,1,2,1,26,['SOCI']
202100099,01/12/2021,1,3,8,47,['HEAL']
202100052,04/12/2021,1,6,4,28,['MEDI']
202100260,01/12/2021,1,8,42,74,['MULT']
202100294,01/12/2021,1,5,6,94,['CHEM']
202100120,01/12/2021,1,2,20,7,['MEDI']
202100127,01/12/2021,1,3,41,132,"['AGRI', 'NURS', 'MEDI']"
202100118,01/12/2021,1,4,3,43,['MULT']
202100111,01/12/2021,1,4,2,69,"['SOCI', 'ENVI']"
202100116,01/12/2021,1,2371,10,95,['PHYS']
202100129,01/12/2021,1,4,4,71,"['BUSI', 'SOCI', 'ENGI', 'COMP']"
202100189,01/12/2021,1,8,16,51,"['IMMU', 'MEDI']"
202100142,01/12/2021,1,6,4,90,['MULT']
202100145,01/12/2021,1,7,2,37,"['ENGI', 'MATE', 'EART', 'COMP']"
202100173,01/12/2021,1,8,7,70,['MULT']
202100187,01/12/2021,1,5,8,27,"['MEDI', 'BIOC']"
202100180,01/12/2021,1,7,9,58,"['CHEM', 'MATE']"
202100174,01/12/2021,1,2,0,27,['AGRI']
202100117,01/12/2021,1,6,1,28,['MULT']
202100128,01/12/2021,1,4,14,50,['MEDI']
202100110,01/12/2021,1,2,2,56,"['SOCI', 'ENVI']"
202100126,01/12/2021,1,3,4,48,"['IMMU', 'BIOC', 'PHAR', 'MEDI']"
202100119,01/12/2021,1,3,3,7,"['MATE', 'ENGI']"
202100121,01/12/2021,1,2,5,36,['MEDI']
202100175,01/12/2021,1,13,6,60,['AGRI']
202100181,01/12/2021,1,4,12,60,['MULT']
202100186,01/12/2021,1,4,12,57,"['AGRI', 'BIOC']"
202100172,01/12/2021,1,7,22,46,['MEDI']
202100144,01/12/2021,1,5,0,,"['BIOC', 'IMMU']"
202100188,01/12/2021,1,4,19,96,['MULT']
202100143,01/12/2021,1,2,4,67,['MULT']
202100161,01/12/2021,1,10,5,41,"['IMMU', 'MEDI']"
202100195,01/12/2021,1,6,6,35,['MEDI']
202100192,01/12/2021,1,6,1,35,"['CENG', 'BIOC', 'CHEM', 'COMP']"
202100166,01/12/2021,1,23,29,28,['MULT']
202100159,01/12/2021,1,4,34,226,"['MEDI', 'BIOC']"
202100150,01/12/2021,1,6,1,2,"['MEDI', 'NURS']"
202100157,01/12/2021,1,10,0,33,['MEDI']
202100168,01/12/2021,1,2,3,19,['MEDI']
202100103,01/12/2021,1,4,3,49,"['SOCI', 'ENVI']"
202100104,01/12/2021,1,3,5,102,['MULT']
202100300,01/12/2021,1,2,41,51,['MEDI']
202100132,01/12/2021,1,2,3,27,['AGRI']
202100135,01/12/2021,1,6,30,69,['ENGI']
202100156,01/12/2021,1,4,6,21,"['ENGI', 'PHYS']"
202100169,01/12/2021,1,7,3,41,"['AGRI', 'ENVI']"
202100151,01/12/2021,1,5,1,43,"['MATE', 'PHYS', 'ENGI', 'CENG', 'COMP']"
202100167,01/12/2021,1,5,5,43,['MULT']
202100193,01/12/2021,1,2,1,43,"['MEDI', 'IMMU', 'PHAR']"
202100158,01/12/2021,1,25,16,128,"['PHYS', 'EART']"
202100194,01/12/2021,1,12,1,65,"['PHYS', 'EART']"
202100160,01/12/2021,1,32,11,27,"['MEDI', 'BIOC']"
202100134,01/12/2021,1,4,2,52,"['SOCI', 'ENER', 'ENVI']"
202100133,01/12/2021,1,2324,5,63,['PHYS']
202100105,01/12/2021,1,2,6,68,"['SOCI', 'ENVI']"
202100102,01/12/2021,1,2,7,353,['ECON']
202100242,01/12/2021,1,10,4,33,['MEDI']
202100070,01/12/2021,1,2,1,12,['VETE']
202100084,01/12/2021,1,5,10,33,"['ENGI', 'MEDI']"
202100289,01/12/2021,1,10,5,124,"['MATH', 'COMP', 'SOCI', 'DECI']"
202100083,01/12/2021,1,6,1,58,['NURS']
202100077,01/12/2021,1,2,0,16,"['SOCI', 'ARTS']"
202100245,01/12/2021,1,2,14,105,"['AGRI', 'BIOC']"
202100048,09/12/2021,1,7,1,18,"['MATE', 'ENGI']"
202100287,01/12/2021,1,6,5,29,['MEDI']
202100041,15/12/2021,1,7,9,35,['AGRI']
202100273,01/12/2021,1,14,18,34,"['MEDI', 'IMMU']"
202100274,01/12/2021,1,8,3,22,['MEDI']
202100046,13/12/2021,1,6,7,188,"['CENG', 'CHEM']"
202100280,01/12/2021,1,2,4,19,['MEDI']
202100079,01/12/2021,1,5,3,24,['VETE']
202100012,24/12/2021,1,2,13,62,"['NEUR', 'BIOC', 'AGRI']"
202100220,01/12/2021,1,24,19,50,['MULT']
202100218,01/12/2021,1,9,3,96,"['IMMU', 'MEDI']"
202100227,01/12/2021,1,2,0,59,"['BIOC', 'AGRI']"
202100015,22/12/2021,1,2,0,,['MEDI']
202100211,01/12/2021,1,17,42,30,['MEDI']
202100023,20/12/2021,1,3,31,113,"['PHAR', 'NEUR']"
202100229,01/12/2021,1,2,0,,"['PHYS', 'ENGI', 'CENG']"
202100024,18/12/2021,1,5,,16,"['ARTS', 'SOCI']"
202100216,01/12/2021,1,5,22,57,"['ENGI', 'MATE']"
202100281,01/12/2021,1,26,20,35,"['BIOC', 'MEDI']"
202100047,10/12/2021,1,4,5,48,"['ENER', 'ENGI', 'ENVI', 'BUSI']"
202100275,01/12/2021,1,4,5,74,"['CHEM', 'CENG']"
202100078,01/12/2021,1,1,1,15,['VETE']
202100272,01/12/2021,1,5,5,11,['MEDI']
202100040,15/12/2021,1,10,43,75,"['CHEM', 'ENVI', 'CENG', 'ENGI']"
202100286,01/12/2021,1,10,5,77,['MULT']
202100244,01/12/2021,1,4,0,31,"['AGRI', 'MEDI', 'NURS']"
202100076,01/12/2021,1,2,1,40,['AGRI']
202100082,01/12/2021,1,6,13,64,"['ENGI', 'MATE']"
202100049,08/12/2021,1,3,0,14,"['ENGI', 'SOCI', 'ARTS', 'COMP']"
202100085,01/12/2021,1,3,11,23,"['MEDI', 'BIOC']"
202100071,01/12/2021,1,13,1,10,['VETE']
202100243,01/12/2021,1,3,13,53,"['CHEM', 'CENG']"
202100288,01/12/2021,1,10,6,53,['MULT']
202100228,01/12/2021,1,7,100,38,['MEDI']
202100217,01/12/2021,1,6,33,42,"['ENGI', 'MATE']"
202100025,17/12/2021,1,8,2,53,['VETE']
202100022,20/12/2021,1,6,18,190,"['PHAR', 'NEUR']"
202100210,01/12/2021,1,3,9,45,['MULT']
202100219,01/12/2021,1,4,2,50,"['IMMU', 'MEDI']"
202100014,23/12/2021,1,5,14,58,"['CHEM', 'MATE']"
202100226,01/12/2021,1,8,10,42,['MULT']
202100221,01/12/2021,1,5,7,60,"['ENER', 'EART']"
202100013,23/12/2021,1,15,12,95,"['MEDI', 'IMMU']"
202100068,01/12/2021,1,7,0,28,['VETE']
202100265,01/12/2021,1,9,12,48,"['AGRI', 'ENGI']"
202100057,03/12/2021,1,4,1,40,['SOCI']
202100291,01/12/2021,1,8,19,47,"['CENG', 'ENVI', 'ENER']"
202100296,01/12/2021,1,8,40,69,['MULT']
202100050,08/12/2021,1,3,4,8,['MEDI']
202100262,01/12/2021,1,1,0,60,"['ARTS', 'SOCI']"
202100059,03/12/2021,1,2,0,37,['SOCI']
202100092,01/12/2021,1,5,7,50,"['CENG', 'ENVI', 'ENER']"
202100066,01/12/2021,1,2,2,23,['VETE']
202100254,01/12/2021,1,4,23,57,"['ENGI', 'EART']"
202100298,01/12/2021,1,5,6,43,['MATE']
202100253,01/12/2021,1,2,15,58,['DENT']
202100061,02/12/2021,1,3,1,10,['MEDI']
202100095,01/12/2021,1,3,0,19,['MEDI']
202100035,15/12/2021,1,5,3,62,"['MATE', 'PHYS', 'ENGI']"
202100207,01/12/2021,1,3,5,61,['MULT']
202100238,01/12/2021,1,7,0,51,['MULT']
202100200,01/12/2021,1,10,31,141,['ENER']
202100032,15/12/2021,1,6,32,85,['BIOC']
202100236,01/12/2021,1,7,7,42,['MEDI']
202100004,30/12/2021,1,2,0,63,['ENGI']
202100209,01/12/2021,1,4,12,29,['MEDI']
202100003,30/12/2021,1,3,4,,['AGRI']
202100231,01/12/2021,1,4,8,35,"['AGRI', 'COMP']"
202100299,01/12/2021,1,8,11,55,"['BIOC', 'PHAR', 'MEDI']"
202100094,01/12/2021,1,4,0,14,['MEDI']
202100060,03/12/2021,1,3,1,39,['SOCI']
202100252,01/12/2021,1,6,9,119,['BIOC']
202100058,03/12/2021,1,3,1,18,['SOCI']
202100255,01/12/2021,1,5,,13,['AGRI']
202100067,01/12/2021,1,4,0,17,['VETE']
202100093,01/12/2021,1,4,16,57,['ENGI']
202100263,01/12/2021,1,9,15,168,['PHAR']
202100051,05/12/2021,1,2,12,138,"['PHYS', 'MATE', 'CHEM']"
202100297,01/12/2021,1,11,19,39,['MEDI']
202100069,01/12/2021,1,3,4,31,['VETE']
202100290,01/12/2021,1,5,2,52,['DENT']
202100056,03/12/2021,1,3,0,24,['SOCI']
202100264,01/12/2021,1,9,27,63,"['CENG', 'ENVI']"
202100230,01/12/2021,1,4,1,34,"['MEDI', 'IMMU']"
202100002,30/12/2021,1,3,0,,['AGRI']
202100005,30/12/2021,1,45,55,26,['MEDI']
202100237,01/12/2021,1,2,1,31,"['SOCI', 'ARTS']"
202100208,01/12/2021,1,2,7,30,['EART']
202100033,15/12/2021,1,7,7,38,['BIOC']
202100201,01/12/2021,1,4,14,32,['MEDI']
202100206,01/12/2021,1,3,4,47,"['ENVI', 'MEDI']"
202100034,15/12/2021,1,6,1,65,"['MATE', 'PHYS', 'CHEM']"
202100239,01/12/2021,1,9,17,130,"['EART', 'AGRI', 'ENVI']"
202100179,01/12/2021,1,7,5,54,"['AGRI', 'VETE']"
202100146,01/12/2021,1,3,0,12,"['SOCI', 'ENVI']"
202100141,01/12/2021,1,6,13,73,"['IMMU', 'MEDI']"
202100148,01/12/2021,1,5,9,97,"['COMP', 'SOCI', 'ENER', 'ENVI']"
202100183,01/12/2021,1,4,22,104,"['CENG', 'MATE', 'CHEM']"
202100177,01/12/2021,1,8,10,33,"['CHEM', 'MATE']"
202100170,01/12/2021,1,3,3,41,"['MEDI', 'BIOC']"
202100184,01/12/2021,1,4,13,59,"['AGRI', 'NURS']"
202100124,01/12/2021,1,4,1,27,['COMP']
202100123,01/12/2021,1,2,29,82,['CHEM']
202100115,01/12/2021,1,5,1,36,['MULT']
202100112,01/12/2021,1,5,1,63,"['SOCI', 'ENVI']"
202100185,01/12/2021,1,16,10,5,['MEDI']
202100171,01/12/2021,1,26,31,41,['MEDI']
202100149,01/12/2021,1,2,2,40,"['ENVI', 'MEDI']"
202100176,01/12/2021,1,3,5,27,['MEDI']
202100182,01/12/2021,1,6,4,38,"['MATE', 'PHYS', 'ENGI', 'CENG', 'COMP']"
202100140,01/12/2021,1,2,5,86,"['AGRI', 'BIOC']"
202100178,01/12/2021,1,4,9,32,['ENER']
202100147,01/12/2021,1,6,1,21,['MULT']
202100113,01/12/2021,1,2,,10,['MATH']
202100114,01/12/2021,1,4,2,31,['MULT']
202100122,01/12/2021,1,10,2,2,['MEDI']
202100125,01/12/2021,1,6,7,34,"['CHEM', 'MATE']"
202100138,01/12/2021,1,5,32,43,['EART']
202100107,01/12/2021,1,8,2,105,"['SOCI', 'ENVI']"
202100100,01/12/2021,1,39,90,73,['MEDI']
202100109,01/12/2021,1,5,8,73,"['CHEM', 'BIOC', 'PHAR']"
202100136,01/12/2021,1,12,5,23,['MEDI']
202100131,01/12/2021,1,8,25,93,['MULT']
202100191,01/12/2021,1,7,44,29,['MEDI']
202100165,01/12/2021,1,8,17,189,"['CENG', 'BIOC', 'CHEM', 'COMP']"
202100162,01/12/2021,1,11,13,56,"['CHEM', 'MATE']"
202100196,01/12/2021,1,37,114,172,"['MEDI', 'IMMU']"
202100154,01/12/2021,1,3,8,149,"['COMP', 'SOCI', 'ENER', 'ENGI', 'ENVI']"
202100153,01/12/2021,1,6,12,70,"['SOCI', 'ENER', 'ENVI']"
202100198,01/12/2021,1,1,1,118,['SOCI']
202100130,01/12/2021,1,8,8,36,['ENGI']
202100108,01/12/2021,1,7,17,57,['MEDI']
202100137,01/12/2021,1,10,10,68,['MULT']
202100101,01/12/2021,1,5,3,19,['MEDI']
202100139,01/12/2021,1,1,6,46,['MEDI']
202100106,01/12/2021,1,5,3,116,"['SOCI', 'ENVI']"
202100152,01/12/2021,1,5,0,35,"['PHYS', 'MATH']"
202100199,01/12/2021,1,7,6,12,['MEDI']
202100155,01/12/2021,1,12,12,38,['MULT']
202100197,01/12/2021,1,31,19,34,"['PHAR', 'MEDI']"
202100163,01/12/2021,1,4,4,4,['MEDI']
202100164,01/12/2021,1,9,35,183,"['CENG', 'ENVI']"
202100190,01/12/2021,1,6,20,54,"['CENG', 'ENVI']"
202100029,15/12/2021,1,9,4,18,['MEDI']
202100016,22/12/2021,1,8,14,54,"['CHEM', 'CENG', 'ENGI']"
202100224,01/12/2021,1,6,8,47,['MULT']
202100223,01/12/2021,1,7,6,46,"['BIOC', 'ENGI', 'ENVI', 'CENG']"
202100011,24/12/2021,1,7,6,59,['MEDI']
202100018,21/12/2021,1,8,7,25,"['MEDI', 'BIOC']"
202100215,01/12/2021,1,5,10,39,['MEDI']
202100027,16/12/2021,1,9,7,78,['EART']
202100020,20/12/2021,1,6,10,58,"['ENER', 'ENVI', 'BUSI', 'ENGI']"
202100212,01/12/2021,1,6,0,13,['MEDI']
202100080,01/12/2021,1,2,,38,['MEDI']
202100246,01/12/2021,1,9,2,28,['MEDI']
202100074,01/12/2021,1,3,,35,"['AGRI', 'ENVI', 'EART']"
202100279,01/12/2021,1,5,13,39,['ENER']
202100073,01/12/2021,1,3,,26,"['AGRI', 'ENVI', 'EART']"
202100241,01/12/2021,1,4,3,39,"['CHEM', 'MATE']"
202100087,01/12/2021,1,2361,10,103,['PHYS']
202100045,13/12/2021,1,4,0,59,"['AGRI', 'MEDI', 'NURS']"
202100277,01/12/2021,1,10,6,44,['MULT']
202100283,01/12/2021,1,4,13,39,['DENT']
202100248,01/12/2021,1,2,5,27,['MEDI']
202100284,01/12/2021,1,5,3,38,"['BIOC', 'CENG', 'ENER', 'ENVI', 'CHEM']"
202100270,01/12/2021,1,6,39,50,"['AGRI', 'BIOC']"
202100042,14/12/2021,1,10,1,18,"['ENVI', 'EART']"
202100089,01/12/2021,1,5,12,33,['MEDI']
202100213,01/12/2021,1,11,6,40,"['CENG', 'BIOC', 'CHEM']"
202100021,20/12/2021,1,12,18,60,['ENVI']
202100019,20/12/2021,1,7,18,70,"['MATE', 'PHYS', 'ENGI', 'COMP']"
202100026,17/12/2021,1,9,106,35,['MEDI']
202100214,01/12/2021,1,10,7,37,"['CENG', 'ENVI']"
202100010,24/12/2021,1,2361,24,63,['PHYS']
202100222,01/12/2021,1,18,25,54,['MULT']
202100028,16/12/2021,1,10,16,50,"['CENG', 'ENER']"
202100225,01/12/2021,1,7,3,31,['MEDI']
202100017,22/12/2021,1,9,15,26,"['CENG', 'CHEM', 'BIOC']"
202100043,14/12/2021,1,32,243,86,"['MEDI', 'IMMU']"
202100271,01/12/2021,1,2,17,40,['MEDI']
202100285,01/12/2021,1,3,21,94,"['EART', 'AGRI', 'ENVI']"
202100088,01/12/2021,1,2358,10,87,['PHYS']
202100282,01/12/2021,1,2,1,36,"['SOCI', 'MEDI']"
202100276,01/12/2021,1,9,7,46,"['MEDI', 'BIOC']"
202100044,13/12/2021,1,3,0,43,"['SOCI', 'ENGI']"
202100249,01/12/2021,1,3,6,58,"['CENG', 'ENGI']"
202100086,01/12/2021,1,6,1,26,"['MEDI', 'BIOC']"
202100240,01/12/2021,1,5,4,47,"['IMMU', 'NEUR', 'BIOC']"
202100072,01/12/2021,1,21,18,31,['MEDI']
202100075,01/12/2021,1,11,10,73,"['ENVI', 'EART']"
202100247,01/12/2021,1,10,18,54,['MULT']
202100081,01/12/2021,1,3,2,38,['MEDI']
202100278,01/12/2021,1,9,3,33,['MEDI']
202200213,01/12/2022,1,10,3,29,['MEDI']
202200021,19/12/2022,1,2,1,11,['COMP']
202200019,21/12/2022,1,4,1,64,['EART']
202200026,16/12/2022,1,8,2,62,"['MEDI', 'IMMU']"
202200214,01/12/2022,1,4,4,42,['COMP']
202200010,28/12/2022,1,8,1,167,"['HEAL', 'MEDI']"
202200222,01/12/2022,1,10,4,76,"['CENG', 'MATE']"
202200028,16/12/2022,1,9,2,40,"['MEDI', 'NEUR']"
202200225,01/12/2022,1,8,0,31,['MEDI']
202200017,22/12/2022,1,1,,,['SOCI']
202200285,01/12/2022,1,5,5,12,['ENER']
202200043,10/12/2022,1,13,15,39,"['CENG', 'CHEM']"
202200271,01/12/2022,1,2,1,19,"['CHEM', 'CENG']"
202200088,01/12/2022,1,3,0,41,['HEAL']
202200276,01/12/2022,1,5,2,12,['ENER']
202200044,10/12/2022,1,2283,10,65,['PHYS']
202200282,01/12/2022,1,5,0,7,"['MEDI', 'BIOC']"
202200249,01/12/2022,1,4,0,54,['AGRI']
202200240,01/12/2022,1,7,0,15,"['MEDI', 'NURS']"
202200072,01/12/2022,1,1,0,40,['SOCI']
202200086,01/12/2022,1,10,4,30,"['CENG', 'ENER', 'CHEM']"
202200081,01/12/2022,1,4,0,19,['MEDI']
202200075,01/12/2022,1,6,5,61,"['AGRI', 'IMMU']"
202200247,01/12/2022,1,6,41,65,['BIOC']
202200278,01/12/2022,1,11,0,88,"['MEDI', 'BIOC']"
202200029,15/12/2022,1,16,1,42,"['PHYS', 'ENGI']"
202200016,23/12/2022,1,2,3,56,['SOCI']
202200224,01/12/2022,1,4,6,47,['MULT']
202200223,01/12/2022,1,9,2,33,['MEDI']
202200011,27/12/2022,1,23,8,54,['MEDI']
202200018,22/12/2022,1,1,1,53,['SOCI']
202200215,01/12/2022,1,5,1,55,"['MATE', 'ENGI']"
202200027,16/12/2022,1,3,4,53,['PHYS']
202200020,20/12/2022,1,4,15,53,"['ENER', 'ENVI', 'BUSI', 'ENGI']"
202200212,01/12/2022,1,8,2,10,['MEDI']
202200246,01/12/2022,1,6,6,31,"['NEUR', 'MEDI']"
202200074,01/12/2022,1,4,0,33,['VETE']
202200080,01/12/2022,1,5,0,37,"['AGRI', 'VETE']"
202200279,01/12/2022,1,6,6,53,"['PHAR', 'MEDI']"
202200087,01/12/2022,1,4,0,,['MEDI']
202200073,01/12/2022,1,3,0,42,['VETE']
202200241,01/12/2022,1,6,3,70,['MULT']
202200283,01/12/2022,1,4,3,28,['ENER']
202200045,10/12/2022,1,9,11,60,"['ENGI', 'MATE']"
202200277,01/12/2022,1,4,1,40,['MULT']
202200248,01/12/2022,1,6,11,54,"['ENGI', 'EART']"
202200270,01/12/2022,1,9,17,198,['MEDI']
202200042,10/12/2022,1,6,12,55,"['CENG', 'CHEM']"
202200284,01/12/2022,1,4,9,89,['CENG']
202200089,01/12/2022,1,4,,36,['MATH']
202200130,01/12/2022,1,10,11,69,"['CHEM', 'MATE']"
202200108,01/12/2022,1,8,5,46,['PHAR']
202200137,01/12/2022,1,8,0,54,"['MEDI', 'IMMU']"
202200101,01/12/2022,1,5,0,27,['VETE']
202200139,01/12/2022,1,5,10,197,['MEDI']
202200106,01/12/2022,1,6,2,25,"['CENG', 'MATE', 'CHEM']"
202200152,01/12/2022,1,8,3,54,['MULT']
202200199,01/12/2022,1,6,0,36,['MULT']
202200155,01/12/2022,1,4,8,43,['MULT']
202200163,01/12/2022,1,8,4,55,"['COMP', 'SOCI', 'ENER', 'ENGI', 'ENVI']"
202200197,01/12/2022,1,3,1,30,['MULT']
202200190,01/12/2022,1,1,5,43,['ENGI']
202200164,01/12/2022,1,9,4,85,"['CENG', 'BIOC', 'CHEM', 'COMP']"
202200138,01/12/2022,1,6,1,19,"['CHEM', 'BIOC', 'PHAR']"
202200107,01/12/2022,1,5,1,28,"['PHYS', 'MATE']"
202200100,01/12/2022,1,29,5,23,['MEDI']
202200109,01/12/2022,1,3,6,37,"['CENG', 'MATE', 'CHEM']"
202200136,01/12/2022,1,3,0,30,"['AGRI', 'NURS']"
202200131,01/12/2022,1,8,7,38,"['IMMU', 'MEDI']"
202200165,01/12/2022,1,4,0,19,"['MATH', 'COMP']"
202200191,01/12/2022,1,2204,2,69,['PHYS']
202200196,01/12/2022,1,6,6,84,['MULT']
202200162,01/12/2022,1,4,2,3,"['MEDI', 'BIOC']"
202200154,01/12/2022,1,3,0,19,['MEDI']
202200153,01/12/2022,1,17,1,41,['MULT']
202200198,01/12/2022,1,6,0,36,['MULT']
202200171,01/12/2022,1,4,11,92,"['AGRI', 'VETE']"
202200185,01/12/2022,1,2,0,33,['NURS']
202200149,01/12/2022,1,11,0,,['MULT']
202200182,01/12/2022,1,10,1,29,"['MATE', 'ENGI']"
202200176,01/12/2022,1,4,5,28,['MULT']
202200140,01/12/2022,1,4,2,44,['AGRI']
202200178,01/12/2022,1,5,3,53,"['ENGI', 'SOCI', 'ENVI', 'DECI']"
202200147,01/12/2022,1,7,4,59,['MULT']
202200113,01/12/2022,1,1,1,28,['VETE']
202200114,01/12/2022,1,5,3,66,['MULT']
202200122,01/12/2022,1,5,6,100,"['IMMU', 'PHAR', 'MEDI']"
202200125,01/12/2022,1,5,6,79,"['MEDI', 'PHAR']"
202200179,01/12/2022,1,4,2,74,['MULT']
202200146,01/12/2022,1,9,0,22,['MEDI']
202200141,01/12/2022,1,7,4,85,"['CENG', 'BIOC', 'CHEM', 'COMP']"
202200148,01/12/2022,1,11,13,59,['MULT']
202200177,01/12/2022,1,9,2,37,['MEDI']
202200183,01/12/2022,1,5,1,25,"['MATE', 'ENGI']"
202200184,01/12/2022,1,8,1,36,"['AGRI', 'VETE']"
202200170,01/12/2022,1,8,2,60,"['COMP', 'SOCI', 'ENER', 'ENGI', 'ENVI']"
202200124,01/12/2022,1,4,4,114,"['BIOC', 'PHAR']"
202200123,01/12/2022,1,5,7,66,"['PHYS', 'COMP', 'MATH']"
202200115,01/12/2022,1,13,7,69,"['AGRI', 'ENVI']"
202200112,01/12/2022,1,7,4,62,['MULT']
202200299,01/12/2022,1,3,7,37,"['HEAL', 'MEDI']"
202200060,02/12/2022,1,7,3,33,"['CHEM', 'BIOC']"
202200252,01/12/2022,1,5,0,56,"['PHAR', 'MEDI']"
202200094,01/12/2022,1,10,6,31,['MEDI']
202200058,02/12/2022,1,3,0,45,"['ENVI', 'AGRI']"
202200093,01/12/2022,1,6,2,46,['MULT']
202200255,01/12/2022,1,4,3,13,['BIOC']
202200067,01/12/2022,1,2,5,45,"['COMP', 'ENGI']"
202200297,01/12/2022,1,3,1,3,"['MEDI', 'BIOC']"
202200263,01/12/2022,1,4,3,38,['BIOC']
202200051,08/12/2022,1,4,0,138,"['CHEM', 'PHYS']"
202200069,01/12/2022,1,8,2,97,"['MEDI', 'ENGI']"
202200056,02/12/2022,1,4,2,57,"['CENG', 'CHEM']"
202200264,01/12/2022,1,9,3,47,"['IMMU', 'ENVI', 'AGRI']"
202200290,01/12/2022,1,3,1,22,['MATE']
202200230,01/12/2022,1,3,0,61,['MULT']
202200002,31/12/2022,1,6,7,51,['BIOC']
202200005,30/12/2022,1,6,2,55,"['ENER', 'PHYS']"
202200237,01/12/2022,1,10,4,50,['MULT']
202200208,01/12/2022,1,6,6,81,['MULT']
202200033,15/12/2022,1,8,4,64,"['CENG', 'ENER', 'CHEM']"
202200201,01/12/2022,1,2,5,15,['MEDI']
202200206,01/12/2022,1,6,13,10,['MEDI']
202200034,14/12/2022,1,6,1,55,"['MATE', 'PHYS', 'ENGI']"
202200239,01/12/2022,1,6,3,,"['MEDI', 'DENT', 'BIOC']"
202200068,01/12/2022,1,2,9,61,"['ENVI', 'AGRI', 'ENGI']"
202200291,01/12/2022,1,8,11,44,['ENGI']
202200265,01/12/2022,1,4,0,3,['BIOC']
202200057,02/12/2022,1,7,2,63,['AGRI']
202200050,09/12/2022,1,4,0,,['MEDI']
202200262,01/12/2022,1,6,5,63,['MULT']
202200296,01/12/2022,1,5,3,67,"['ENVI', 'CENG', 'ENGI']"
202200059,02/12/2022,1,13,5,53,"['AGRI', 'BIOC', 'MEDI']"
202200066,01/12/2022,1,2,1,48,['MEDI']
202200254,01/12/2022,1,12,5,27,['MULT']
202200092,01/12/2022,1,8,1,57,['MULT']
202200298,01/12/2022,1,10,1,51,"['ENVI', 'ENGI', 'EART']"
202200095,01/12/2022,1,4,2,60,['MULT']
202200253,01/12/2022,1,6,6,40,['MEDI']
202200061,02/12/2022,1,6,0,59,"['NEUR', 'MEDI']"
202200035,13/12/2022,1,8,9,49,"['PHAR', 'MEDI']"
202200207,01/12/2022,1,3,1,43,"['ENGI', 'EART']"
202200238,01/12/2022,1,9,2,24,['MEDI']
202200200,01/12/2022,1,9,3,29,['MEDI']
202200032,15/12/2022,1,6,12,38,"['CHEM', 'CENG']"
202200236,01/12/2022,1,6,1,47,['MULT']
202200004,30/12/2022,1,6,2,65,"['PHYS', 'MATE']"
202200209,01/12/2022,1,6,10,56,['MULT']
202200003,31/12/2022,1,5,14,50,"['CHEM', 'CENG', 'ENGI']"
202200231,01/12/2022,1,3,7,19,['MEDI']
202200047,09/12/2022,1,5,1,35,"['PHYS', 'CHEM']"
202200275,01/12/2022,1,11,15,59,['MULT']
202200281,01/12/2022,1,14,0,31,['MEDI']
202200078,01/12/2022,1,4,0,57,['COMP']
202200286,01/12/2022,1,5,7,80,['ENGI']
202200272,01/12/2022,1,3,3,52,"['AGRI', 'ENER', 'ENVI']"
202200040,10/12/2022,1,5,8,103,"['BIOC', 'CENG', 'IMMU']"
202200082,01/12/2022,1,4,0,24,['BUSI']
202200244,01/12/2022,1,6,5,86,"['CENG', 'ENVI']"
202200076,01/12/2022,1,2,1,36,"['SOCI', 'PHYS', 'EART']"
202200049,09/12/2022,1,5,5,58,"['CHEM', 'CENG']"
202200071,01/12/2022,1,1,,27,"['COMP', 'DECI', 'MATH']"
202200243,01/12/2022,1,2,1,27,['MEDI']
202200085,01/12/2022,1,7,0,48,['VETE']
202200288,01/12/2022,1,10,2,33,['MULT']
202200228,01/12/2022,1,5,4,69,['AGRI']
202200217,01/12/2022,1,5,5,33,['MEDI']
202200025,16/12/2022,1,2,2,167,"['NEUR', 'MEDI']"
202200022,19/12/2022,1,2,1,53,"['CHEM', 'CENG', 'ENGI']"
202200210,01/12/2022,1,9,2,37,['ENGI']
202200219,01/12/2022,1,11,0,51,"['MEDI', 'IMMU']"
202200014,27/12/2022,1,5,10,97,['MEDI']
202200226,01/12/2022,1,6,12,56,['MULT']
202200221,01/12/2022,1,6,5,68,['MULT']
202200013,27/12/2022,1,8,84,217,"['MATE', 'ENGI', 'PHYS']"
202200084,01/12/2022,1,7,0,77,"['ENVI', 'SOCI', 'ECON']"
202200242,01/12/2022,1,10,12,310,"['CENG', 'MATE']"
202200070,01/12/2022,1,4,4,40,"['MATE', 'ENER']"
202200289,01/12/2022,1,5,2,54,"['MATE', 'ENGI']"
202200077,01/12/2022,1,11,2,26,['MEDI']
202200245,01/12/2022,1,3,1,75,"['BUSI', 'COMP']"
202200083,01/12/2022,1,3,1,95,"['ARTS', 'PHYS', 'SOCI']"
202200048,09/12/2022,1,5,6,52,['PSYC']
202200041,10/12/2022,1,5,0,27,['PHYS']
202200273,01/12/2022,1,4,8,39,"['SOCI', 'ENGI', 'ENER']"
202200287,01/12/2022,1,5,9,56,"['CHEM', 'MATE', 'PHYS', 'ENGI']"
202200280,01/12/2022,1,5,2,98,['MULT']
202200274,01/12/2022,1,7,5,33,['MEDI']
202200046,09/12/2022,1,3,3,71,"['CHEM', 'BIOC', 'PHAR', 'MEDI']"
202200079,01/12/2022,1,2350,5,91,"['ENGI', 'PHYS']"
202200012,27/12/2022,1,8,8,,"['MEDI', 'IMMU']"
202200220,01/12/2022,1,12,6,36,['MEDI']
202200218,01/12/2022,1,6,3,31,['MEDI']
202200227,01/12/2022,1,5,4,39,['MULT']
202200015,23/12/2022,1,9,2,60,['VETE']
202200211,01/12/2022,1,33,8,32,['MEDI']
202200023,19/12/2022,1,17,3,88,"['ENER', 'PHYS']"
202200229,01/12/2022,1,3,0,37,"['MATE', 'ENGI']"
202200024,19/12/2022,1,10,4,31,"['ENER', 'PHYS']"
202200216,01/12/2022,1,3,2,26,['COMP']
202200156,01/12/2022,1,11,2,54,['MEDI']
202200169,01/12/2022,1,5,34,314,['MEDI']
202200151,01/12/2022,1,9,31,171,['PHYS']
202200193,01/12/2022,1,9,2,56,['MULT']
202200167,01/12/2022,1,3,4,31,"['MATE', 'ENGI']"
202200158,01/12/2022,1,8,1,26,['MULT']
202200160,01/12/2022,1,2,0,55,['MULT']
202200194,01/12/2022,1,7,1,35,['ENGI']
202200134,01/12/2022,1,6,1,42,"['ENVI', 'MEDI']"
202200133,01/12/2022,1,6,4,58,"['CHEM', 'BIOC', 'PHAR']"
202200105,01/12/2022,1,2,1,62,"['COMP', 'SOCI', 'ENER', 'ENVI']"
202200102,01/12/2022,1,2,2,43,"['COMP', 'SOCI', 'ENER', 'ENGI', 'ENVI']"
202200195,01/12/2022,1,5,0,48,"['ARTS', 'SOCI', 'COMP']"
202200161,01/12/2022,1,8,10,47,"['COMP', 'SOCI', 'ENER', 'ENGI', 'ENVI']"
202200166,01/12/2022,1,6,4,56,"['CHEM', 'BIOC', 'PHAR']"
202200192,01/12/2022,1,6,1,11,"['MEDI', 'NURS']"
202200159,01/12/2022,1,4,16,82,['MEDI']
202200150,01/12/2022,1,4,4,56,['MULT']
202200157,01/12/2022,1,3,1,44,['MEDI']
202200168,01/12/2022,1,5,2,54,"['BIOC', 'SOCI', 'AGRI', 'ENVI']"
202200103,01/12/2022,1,4,0,43,['VETE']
202200104,01/12/2022,1,7,7,63,"['ENGI', 'ENVI']"
202200300,01/12/2022,1,6,3,34,['DENT']
202200132,01/12/2022,1,6,7,55,"['CHEM', 'BIOC', 'PHAR']"
202200135,01/12/2022,1,5,0,,['MULT']
202200117,01/12/2022,1,3,5,37,"['PHYS', 'COMP', 'MATH']"
202200213,01/12/2022,1,10,3,29,['MEDI']
202200021,19/12/2022,1,2,1,11,['COMP']
202200019,21/12/2022,1,4,1,64,['EART']
202200026,16/12/2022,1,8,2,62,"['MEDI', 'IMMU']"
202200214,01/12/2022,1,4,4,42,['COMP']
202200010,28/12/2022,1,8,1,167,"['HEAL', 'MEDI']"
202200222,01/12/2022,1,10,4,76,"['CENG', 'MATE']"
202200028,16/12/2022,1,9,2,40,"['MEDI', 'NEUR']"
202200225,01/12/2022,1,8,0,31,['MEDI']
202200017,22/12/2022,1,1,,,['SOCI']
202200285,01/12/2022,1,5,5,12,['ENER']
202200043,10/12/2022,1,13,15,39,"['CENG', 'CHEM']"
202200271,01/12/2022,1,2,1,19,"['CHEM', 'CENG']"
202200088,01/12/2022,1,3,0,41,['HEAL']
202200276,01/12/2022,1,5,2,12,['ENER']
202200044,10/12/2022,1,2283,10,65,['PHYS']
202200282,01/12/2022,1,5,0,7,"['MEDI', 'BIOC']"
202200249,01/12/2022,1,4,0,54,['AGRI']
202200240,01/12/2022,1,7,0,15,"['MEDI', 'NURS']"
202200072,01/12/2022,1,1,0,40,['SOCI']
202200086,01/12/2022,1,10,4,30,"['CENG', 'ENER', 'CHEM']"
202200081,01/12/2022,1,4,0,19,['MEDI']
202200075,01/12/2022,1,6,5,61,"['AGRI', 'IMMU']"
202200247,01/12/2022,1,6,41,65,['BIOC']
202200278,01/12/2022,1,11,0,88,"['MEDI', 'BIOC']"
202200029,15/12/2022,1,16,1,42,"['PHYS', 'ENGI']"
202200016,23/12/2022,1,2,3,56,['SOCI']
202200224,01/12/2022,1,4,6,47,['MULT']
202200223,01/12/2022,1,9,2,33,['MEDI']
202200011,27/12/2022,1,23,8,54,['MEDI']
202200018,22/12/2022,1,1,1,53,['SOCI']
202200215,01/12/2022,1,5,1,55,"['MATE', 'ENGI']"
202200027,16/12/2022,1,3,4,53,['PHYS']
202200020,20/12/2022,1,4,15,53,"['ENER', 'ENVI', 'BUSI', 'ENGI']"
202200212,01/12/2022,1,8,2,10,['MEDI']
202200246,01/12/2022,1,6,6,31,"['NEUR', 'MEDI']"
202200074,01/12/2022,1,4,0,33,['VETE']
202200080,01/12/2022,1,5,0,37,"['AGRI', 'VETE']"
202200279,01/12/2022,1,6,6,53,"['PHAR', 'MEDI']"
202200087,01/12/2022,1,4,0,,['MEDI']
202200073,01/12/2022,1,3,0,42,['VETE']
202200241,01/12/2022,1,6,3,70,['MULT']
202200283,01/12/2022,1,4,3,28,['ENER']
202200045,10/12/2022,1,9,11,60,"['ENGI', 'MATE']"
202200277,01/12/2022,1,4,1,40,['MULT']
202200248,01/12/2022,1,6,11,54,"['ENGI', 'EART']"
202200270,01/12/2022,1,9,17,198,['MEDI']
202200042,10/12/2022,1,6,12,55,"['CENG', 'CHEM']"
202200284,01/12/2022,1,4,9,89,['CENG']
202200089,01/12/2022,1,4,,36,['MATH']
202200130,01/12/2022,1,10,11,69,"['CHEM', 'MATE']"
202200108,01/12/2022,1,8,5,46,['PHAR']
202200137,01/12/2022,1,8,0,54,"['MEDI', 'IMMU']"
202200101,01/12/2022,1,5,0,27,['VETE']
202200139,01/12/2022,1,5,10,197,['MEDI']
202200106,01/12/2022,1,6,2,25,"['CENG', 'MATE', 'CHEM']"
202200152,01/12/2022,1,8,3,54,['MULT']
202200199,01/12/2022,1,6,0,36,['MULT']
202200155,01/12/2022,1,4,8,43,['MULT']
202200163,01/12/2022,1,8,4,55,"['COMP', 'SOCI', 'ENER', 'ENGI', 'ENVI']"
202200197,01/12/2022,1,3,1,30,['MULT']
202200190,01/12/2022,1,1,5,43,['ENGI']
202200164,01/12/2022,1,9,4,85,"['CENG', 'BIOC', 'CHEM', 'COMP']"
202200138,01/12/2022,1,6,1,19,"['CHEM', 'BIOC', 'PHAR']"
202200107,01/12/2022,1,5,1,28,"['PHYS', 'MATE']"
202200100,01/12/2022,1,29,5,23,['MEDI']
202200109,01/12/2022,1,3,6,37,"['CENG', 'MATE', 'CHEM']"
202200136,01/12/2022,1,3,0,30,"['AGRI', 'NURS']"
202200131,01/12/2022,1,8,7,38,"['IMMU', 'MEDI']"
202200165,01/12/2022,1,4,0,19,"['MATH', 'COMP']"
202200191,01/12/2022,1,2204,2,69,['PHYS']
202200196,01/12/2022,1,6,6,84,['MULT']
202200162,01/12/2022,1,4,2,3,"['MEDI', 'BIOC']"
202200154,01/12/2022,1,3,0,19,['MEDI']
202200153,01/12/2022,1,17,1,41,['MULT']
202200198,01/12/2022,1,6,0,36,['MULT']
202200171,01/12/2022,1,4,11,92,"['AGRI', 'VETE']"
202200185,01/12/2022,1,2,0,33,['NURS']
202200149,01/12/2022,1,11,0,,['MULT']
202200182,01/12/2022,1,10,1,29,"['MATE', 'ENGI']"
202200176,01/12/2022,1,4,5,28,['MULT']
202200140,01/12/2022,1,4,2,44,['AGRI']
202200178,01/12/2022,1,5,3,53,"['ENGI', 'SOCI', 'ENVI', 'DECI']"
202200147,01/12/2022,1,7,4,59,['MULT']
202200113,01/12/2022,1,1,1,28,['VETE']
202200114,01/12/2022,1,5,3,66,['MULT']
202200122,01/12/2022,1,5,6,100,"['IMMU', 'PHAR', 'MEDI']"
202200125,01/12/2022,1,5,6,79,"['MEDI', 'PHAR']"
202200179,01/12/2022,1,4,2,74,['MULT']
202200146,01/12/2022,1,9,0,22,['MEDI']
202200141,01/12/2022,1,7,4,85,"['CENG', 'BIOC', 'CHEM', 'COMP']"
202200148,01/12/2022,1,11,13,59,['MULT']
202200177,01/12/2022,1,9,2,37,['MEDI']
202200183,01/12/2022,1,5,1,25,"['MATE', 'ENGI']"
202200184,01/12/2022,1,8,1,36,"['AGRI', 'VETE']"
202200170,01/12/2022,1,8,2,60,"['COMP', 'SOCI', 'ENER', 'ENGI', 'ENVI']"
202200124,01/12/2022,1,4,4,114,"['BIOC', 'PHAR']"
202200123,01/12/2022,1,5,7,66,"['PHYS', 'COMP', 'MATH']"
202200115,01/12/2022,1,13,7,69,"['AGRI', 'ENVI']"
202200112,01/12/2022,1,7,4,62,['MULT']
202200299,01/12/2022,1,3,7,37,"['HEAL', 'MEDI']"
202200060,02/12/2022,1,7,3,33,"['CHEM', 'BIOC']"
202200252,01/12/2022,1,5,0,56,"['PHAR', 'MEDI']"
202200094,01/12/2022,1,10,6,31,['MEDI']
202200058,02/12/2022,1,3,0,45,"['ENVI', 'AGRI']"
202200093,01/12/2022,1,6,2,46,['MULT']
202200255,01/12/2022,1,4,3,13,['BIOC']
202200067,01/12/2022,1,2,5,45,"['COMP', 'ENGI']"
202200297,01/12/2022,1,3,1,3,"['MEDI', 'BIOC']"
202200263,01/12/2022,1,4,3,38,['BIOC']
202200051,08/12/2022,1,4,0,138,"['CHEM', 'PHYS']"
202200069,01/12/2022,1,8,2,97,"['MEDI', 'ENGI']"
202200056,02/12/2022,1,4,2,57,"['CENG', 'CHEM']"
202200264,01/12/2022,1,9,3,47,"['IMMU', 'ENVI', 'AGRI']"
202200290,01/12/2022,1,3,1,22,['MATE']
202200230,01/12/2022,1,3,0,61,['MULT']
202200002,31/12/2022,1,6,7,51,['BIOC']
202200005,30/12/2022,1,6,2,55,"['ENER', 'PHYS']"
202200237,01/12/2022,1,10,4,50,['MULT']
202200208,01/12/2022,1,6,6,81,['MULT']
202200033,15/12/2022,1,8,4,64,"['CENG', 'ENER', 'CHEM']"
202200201,01/12/2022,1,2,5,15,['MEDI']
202200206,01/12/2022,1,6,13,10,['MEDI']
202200034,14/12/2022,1,6,1,55,"['MATE', 'PHYS', 'ENGI']"
202200239,01/12/2022,1,6,3,,"['MEDI', 'DENT', 'BIOC']"
202200068,01/12/2022,1,2,9,61,"['ENVI', 'AGRI', 'ENGI']"
202200291,01/12/2022,1,8,11,44,['ENGI']
202200265,01/12/2022,1,4,0,3,['BIOC']
202200057,02/12/2022,1,7,2,63,['AGRI']
202200050,09/12/2022,1,4,0,,['MEDI']
202200262,01/12/2022,1,6,5,63,['MULT']
202200296,01/12/2022,1,5,3,67,"['ENVI', 'CENG', 'ENGI']"
202200059,02/12/2022,1,13,5,53,"['AGRI', 'BIOC', 'MEDI']"
202200066,01/12/2022,1,2,1,48,['MEDI']
202200254,01/12/2022,1,12,5,27,['MULT']
202200092,01/12/2022,1,8,1,57,['MULT']
202200298,01/12/2022,1,10,1,51,"['ENVI', 'ENGI', 'EART']"
202200095,01/12/2022,1,4,2,60,['MULT']
202200253,01/12/2022,1,6,6,40,['MEDI']
202200061,02/12/2022,1,6,0,59,"['NEUR', 'MEDI']"
202200035,13/12/2022,1,8,9,49,"['PHAR', 'MEDI']"
202200207,01/12/2022,1,3,1,43,"['ENGI', 'EART']"
202200238,01/12/2022,1,9,2,24,['MEDI']
202200200,01/12/2022,1,9,3,29,['MEDI']
202200032,15/12/2022,1,6,12,38,"['CHEM', 'CENG']"
202200236,01/12/2022,1,6,1,47,['MULT']
202200004,30/12/2022,1,6,2,65,"['PHYS', 'MATE']"
202200209,01/12/2022,1,6,10,56,['MULT']
202200003,31/12/2022,1,5,14,50,"['CHEM', 'CENG', 'ENGI']"
202200231,01/12/2022,1,3,7,19,['MEDI']
202200047,09/12/2022,1,5,1,35,"['PHYS', 'CHEM']"
202200275,01/12/2022,1,11,15,59,['MULT']
202200281,01/12/2022,1,14,0,31,['MEDI']
202200078,01/12/2022,1,4,0,57,['COMP']
202200286,01/12/2022,1,5,7,80,['ENGI']
202200272,01/12/2022,1,3,3,52,"['AGRI', 'ENER', 'ENVI']"
202200040,10/12/2022,1,5,8,103,"['BIOC', 'CENG', 'IMMU']"
202200082,01/12/2022,1,4,0,24,['BUSI']
202200244,01/12/2022,1,6,5,86,"['CENG', 'ENVI']"
202200076,01/12/2022,1,2,1,36,"['SOCI', 'PHYS', 'EART']"
202200049,09/12/2022,1,5,5,58,"['CHEM', 'CENG']"
202200071,01/12/2022,1,1,,27,"['COMP', 'DECI', 'MATH']"
202200243,01/12/2022,1,2,1,27,['MEDI']
202200085,01/12/2022,1,7,0,48,['VETE']
202200288,01/12/2022,1,10,2,33,['MULT']
202200228,01/12/2022,1,5,4,69,['AGRI']
202200217,01/12/2022,1,5,5,33,['MEDI']
202200025,16/12/2022,1,2,2,167,"['NEUR', 'MEDI']"
202200022,19/12/2022,1,2,1,53,"['CHEM', 'CENG', 'ENGI']"
202200210,01/12/2022,1,9,2,37,['ENGI']
202200219,01/12/2022,1,11,0,51,"['MEDI', 'IMMU']"
202200014,27/12/2022,1,5,10,97,['MEDI']
202200226,01/12/2022,1,6,12,56,['MULT']
202200221,01/12/2022,1,6,5,68,['MULT']
202200013,27/12/2022,1,8,84,217,"['MATE', 'ENGI', 'PHYS']"
202200084,01/12/2022,1,7,0,77,"['ENVI', 'SOCI', 'ECON']"
202200242,01/12/2022,1,10,12,310,"['CENG', 'MATE']"
202200070,01/12/2022,1,4,4,40,"['MATE', 'ENER']"
202200289,01/12/2022,1,5,2,54,"['MATE', 'ENGI']"
202200077,01/12/2022,1,11,2,26,['MEDI']
202200245,01/12/2022,1,3,1,75,"['BUSI', 'COMP']"
202200083,01/12/2022,1,3,1,95,"['ARTS', 'PHYS', 'SOCI']"
202200048,09/12/2022,1,5,6,52,['PSYC']
202200041,10/12/2022,1,5,0,27,['PHYS']
202200273,01/12/2022,1,4,8,39,"['SOCI', 'ENGI', 'ENER']"
202200287,01/12/2022,1,5,9,56,"['CHEM', 'MATE', 'PHYS', 'ENGI']"
202200280,01/12/2022,1,5,2,98,['MULT']
202200274,01/12/2022,1,7,5,33,['MEDI']
202200046,09/12/2022,1,3,3,71,"['CHEM', 'BIOC', 'PHAR', 'MEDI']"
202200079,01/12/2022,1,2350,5,91,"['ENGI', 'PHYS']"
202200012,27/12/2022,1,8,8,,"['MEDI', 'IMMU']"
202200220,01/12/2022,1,12,6,36,['MEDI']
202200218,01/12/2022,1,6,3,31,['MEDI']
202200227,01/12/2022,1,5,4,39,['MULT']
202200015,23/12/2022,1,9,2,60,['VETE']
202200211,01/12/2022,1,33,8,32,['MEDI']
202200023,19/12/2022,1,17,3,88,"['ENER', 'PHYS']"
202200229,01/12/2022,1,3,0,37,"['MATE', 'ENGI']"
202200024,19/12/2022,1,10,4,31,"['ENER', 'PHYS']"
202200216,01/12/2022,1,3,2,26,['COMP']
202200156,01/12/2022,1,11,2,54,['MEDI']
202200169,01/12/2022,1,5,34,314,['MEDI']
202200151,01/12/2022,1,9,31,171,['PHYS']
202200193,01/12/2022,1,9,2,56,['MULT']
202200167,01/12/2022,1,3,4,31,"['MATE', 'ENGI']"
202200158,01/12/2022,1,8,1,26,['MULT']
202200160,01/12/2022,1,2,0,55,['MULT']
202200194,01/12/2022,1,7,1,35,['ENGI']
202200134,01/12/2022,1,6,1,42,"['ENVI', 'MEDI']"
202200133,01/12/2022,1,6,4,58,"['CHEM', 'BIOC', 'PHAR']"
202200105,01/12/2022,1,2,1,62,"['COMP', 'SOCI', 'ENER', 'ENVI']"
202200102,01/12/2022,1,2,2,43,"['COMP', 'SOCI', 'ENER', 'ENGI', 'ENVI']"
202200195,01/12/2022,1,5,0,48,"['ARTS', 'SOCI', 'COMP']"
202200161,01/12/2022,1,8,10,47,"['COMP', 'SOCI', 'ENER', 'ENGI', 'ENVI']"
202200166,01/12/2022,1,6,4,56,"['CHEM', 'BIOC', 'PHAR']"
202200192,01/12/2022,1,6,1,11,"['MEDI', 'NURS']"
202200159,01/12/2022,1,4,16,82,['MEDI']
202200150,01/12/2022,1,4,4,56,['MULT']
202200157,01/12/2022,1,3,1,44,['MEDI']
202200168,01/12/2022,1,5,2,54,"['BIOC', 'SOCI', 'AGRI', 'ENVI']"
202200103,01/12/2022,1,4,0,43,['VETE']
202200104,01/12/2022,1,7,7,63,"['ENGI', 'ENVI']"
202200300,01/12/2022,1,6,3,34,['DENT']
202200132,01/12/2022,1,6,7,55,"['CHEM', 'BIOC', 'PHAR']"
202200135,01/12/2022,1,5,0,,['MULT']
202200117,01/12/2022,1,3,5,37,"['PHYS', 'COMP', 'MATH']"
202200128,01/12/2022,1,5,5,36,['MULT']
202200110,01/12/2022,1,6,5,85,"['IMMU', 'BIOC', 'PHAR', 'MEDI']"
202200126,01/12/2022,1,8,5,26,['MEDI']
202200119,01/12/2022,1,2,4,49,"['AGRI', 'ENVI']"
202200121,01/12/2022,1,10,2,27,"['IMMU', 'PHAR', 'MEDI']"
202200181,01/12/2022,1,8,2,50,['MULT']
202200175,01/12/2022,1,3,3,38,['MULT']
202200172,01/12/2022,1,8,8,46,"['CHEM', 'BIOC', 'PHAR']"
202200186,01/12/2022,1,15,1,43,['MEDI']
202200144,01/12/2022,1,3,1,20,['MEDI']
202200188,01/12/2022,1,4,1,45,['MEDI']
202200143,01/12/2022,1,2,1,49,['MEDI']
202200120,01/12/2022,1,2,2,37,"['ENGI', 'MATH', 'COMP']"
202200127,01/12/2022,1,4,7,63,['MULT']
202200118,01/12/2022,1,3,0,16,"['COMP', 'MATH', 'ENGI']"
202200111,01/12/2022,1,4,1,37,"['AGRI', 'BIOC', 'EART']"
202200116,01/12/2022,1,4,8,40,['MATH']
202200129,01/12/2022,1,8,8,75,"['CHEM', 'MATE']"
202200189,01/12/2022,1,6,8,51,"['IMMU', 'ENVI', 'AGRI']"
202200142,01/12/2022,1,6,1,54,"['MEDI', 'IMMU']"
202200145,01/12/2022,1,1,1,59,['ARTS']
202200187,01/12/2022,1,4,5,44,['MULT']
202200173,01/12/2022,1,3,2,48,"['CHEM', 'BIOC', 'PHAR']"
202200174,01/12/2022,1,8,7,35,['MULT']
202200180,01/12/2022,1,4,3,26,"['AGRI', 'VETE']"
202200234,01/12/2022,1,8,3,41,['MEDI']
202200006,30/12/2022,1,6,17,141,"['ENER', 'PHYS']"
202200039,10/12/2022,1,2319,3,60,['PHYS']
202200001,31/12/2022,1,7,5,39,['BIOC']
202200233,01/12/2022,1,23,5,17,"['IMMU', 'BIOC', 'MEDI']"
202200037,12/12/2022,1,3,9,41,"['CENG', 'MATE']"
202200205,01/12/2022,1,11,3,4,['MEDI']
202200008,29/12/2022,1,6,0,110,['ENGI']
202200202,01/12/2022,1,5,0,35,['AGRI']
202200030,15/12/2022,1,4,11,65,['ENGI']
202200269,01/12/2022,1,7,3,70,"['IMMU', 'VETE']"
202200090,01/12/2022,1,3,0,21,"['MATH', 'DECI']"
202200064,01/12/2022,1,9,0,36,['MEDI']
202200256,01/12/2022,1,6,6,56,"['MATE', 'ENGI']"
202200251,01/12/2022,1,3,3,69,"['CHEM', 'CENG']"
202200063,01/12/2022,1,6,0,38,['BIOC']
202200097,01/12/2022,1,11,4,57,['MEDI']
202200258,01/12/2022,1,6,3,25,"['CHEM', 'MATE']"
202200267,01/12/2022,1,11,6,36,['MULT']
202200055,03/12/2022,1,4,0,36,['MATH']
202200293,01/12/2022,1,9,1,62,['NURS']
202200099,01/12/2022,1,5,1,,['MEDI']
202200294,01/12/2022,1,3,0,53,"['COMP', 'DECI', 'ENGI']"
202200052,06/12/2022,1,2,3,37,"['BIOC', 'CENG', 'MEDI', 'ENGI']"
202200260,01/12/2022,1,10,4,39,['MULT']
202200031,15/12/2022,1,3,6,16,"['ENER', 'CHEM', 'ENGI']"
202200203,01/12/2022,1,3,0,5,['MEDI']
202200204,01/12/2022,1,4,2,22,"['PHAR', 'MEDI']"
202200036,13/12/2022,1,9,4,48,"['CHEM', 'CENG']"
202200009,29/12/2022,1,1,0,23,['SOCI']
202200232,01/12/2022,1,6,0,23,['MEDI']
202200000,31/12/2022,1,3,2,44,"['BIOC', 'CENG', 'ENVI', 'ENGI']"
202200007,30/12/2022,1,4,18,172,"['ENER', 'PHYS']"
202200235,01/12/2022,1,9,7,48,['MEDI']
202200038,12/12/2022,1,8,4,70,"['MATH', 'ENGI', 'PHYS']"
202200098,01/12/2022,1,44,1,48,['MULT']
202200261,01/12/2022,1,11,4,58,['MULT']
202200053,05/12/2022,1,11,2,40,['VETE']
202200295,01/12/2022,1,10,3,35,"['IMMU', 'MEDI']"
202200259,01/12/2022,1,10,1,74,"['EART', 'AGRI']"
202200292,01/12/2022,1,7,2,11,['MULT']
202200054,05/12/2022,1,2,0,23,"['ECON', 'BUSI', 'SOCI']"
202200266,01/12/2022,1,6,4,61,['MULT']
202200096,01/12/2022,1,9,1,77,"['AGRI', 'BIOC', 'MEDI']"
202200062,01/12/2022,1,1,0,85,"['ARTS', 'SOCI']"
202200250,01/12/2022,1,11,3,50,['MULT']
202200268,01/12/2022,1,9,2,29,['MEDI']
202200257,01/12/2022,1,5,16,87,"['DECI', 'AGRI', 'ENVI']"
202200065,01/12/2022,1,7,0,24,['MEDI']
202200091,01/12/2022,1,7,7,68,['MEDI']
202300198,01/11/2023,1,4,8,53,['ENGI']
202300153,01/12/2023,1,6,1,67,['PHAR']
202300154,01/12/2023,1,9,2,27,['MULT']
202300196,05/11/2023,1,2,1,50,"['ENER', 'ENGI', 'CENG']"
202300162,01/12/2023,1,8,2,44,['MULT']
202300165,01/12/2023,1,5,1,41,['MULT']
202300191,01/12/2023,1,6,2,53,"['CENG', 'CHEM']"
202300131,01/12/2023,1,5,4,46,['MULT']
202300136,01/12/2023,1,7,2,26,['MULT']
202300109,01/12/2023,1,10,0,43,['DENT']
202300100,01/12/2023,1,7,2,40,['MEDI']
202300107,01/12/2023,1,7,3,43,['MULT']
202300138,01/12/2023,1,9,0,1,['MEDI']
202300190,01/12/2023,1,6,0,4,['MEDI']
202300164,01/12/2023,1,12,0,,['MULT']
202300163,01/12/2023,1,3,1,49,['MULT']
202300197,01/11/2023,1,5,0,,"['ENVI', 'CHEM', 'MEDI']"
202300155,01/12/2023,1,5,1,30,['DENT']
202300199,01/11/2023,1,2,1,32,"['CENG', 'ENVI', 'ENER']"
202300152,01/12/2023,1,4,3,34,['MEDI']
202300106,01/12/2023,1,4,0,47,['DENT']
202300139,01/12/2023,1,73,4,53,['MULT']
202300101,01/12/2023,1,2,2,22,['MULT']
202300137,01/12/2023,1,8,1,52,['MULT']
202300108,01/12/2023,1,8,1,43,['MEDI']
202300130,01/12/2023,1,8,1,35,['DENT']
202300089,01/12/2023,1,6,12,89,['MULT']
202300270,01/10/2023,1,3,0,21,"['MATH', 'DECI']"
202300042,01/12/2023,1,6,1,3,"['BIOC', 'HEAL']"
202300284,15/09/2023,1,4,,53,['MEDI']
202300248,01/10/2023,1,5,2,51,"['BIOC', 'CENG', 'MATE', 'ENGI']"
202300283,15/09/2023,1,6,0,56,['BIOC']
202300045,01/12/2023,1,6,0,54,"['BIOC', 'AGRI']"
202300277,01/10/2023,1,4,3,24,"['BUSI', 'ECON']"
202300087,01/12/2023,1,6,0,75,['MULT']
202300073,01/12/2023,1,6,0,48,['MULT']
202300241,01/10/2023,1,3,0,45,['CHEM']
202300279,01/10/2023,1,4,5,76,"['IMMU', 'BIOC']"
202300246,01/10/2023,1,7,4,79,"['CENG', 'ENVI']"
202300074,01/12/2023,1,12,3,168,['AGRI']
202300080,01/12/2023,1,5,2,45,['MULT']
202300020,01/12/2023,1,2,0,52,['MULT']
202300212,01/11/2023,1,4,8,174,"['BIOC', 'AGRI']"
202300215,30/10/2023,1,17,4,38,"['PHYS', 'MATE']"
202300027,01/12/2023,1,8,1,28,"['ENVI', 'ENER']"
202300018,01/12/2023,1,13,2,81,['AGRI']
202300223,15/10/2023,1,10,2,67,['AGRI']
202300011,01/12/2023,1,9,0,29,['DENT']
202300016,01/12/2023,1,6,2,39,['MULT']
202300224,15/10/2023,1,5,1,96,"['MATH', 'ENGI']"
202300029,01/12/2023,1,7,1,52,['VETE']
202300278,01/10/2023,1,10,1,34,"['AGRI', 'BIOC']"
202300081,01/12/2023,1,3,1,1,['MEDI']
202300075,01/12/2023,1,4,1,75,['MULT']
202300247,01/10/2023,1,5,1,95,"['EART', 'SOCI']"
202300240,01/10/2023,1,6,5,119,"['IMMU', 'NEUR']"
202300072,01/12/2023,1,8,1,78,['MULT']
202300086,01/12/2023,1,8,2,28,['MULT']
202300249,01/10/2023,1,13,0,35,['MEDI']
202300276,01/10/2023,1,6,1,65,"['CHEM', 'PHYS', 'MATE']"
202300044,01/12/2023,1,10,1,38,['AGRI']
202300282,15/09/2023,1,19,0,33,"['BIOC', 'IMMU', 'VETE', 'MEDI']"
202300088,01/12/2023,1,7,0,58,['MULT']
202300285,15/09/2023,1,6,1,122,"['ENVI', 'AGRI', 'ARTS', 'SOCI', 'EART']"
202300043,01/12/2023,1,6,0,21,"['HEAL', 'MEDI']"
202300271,01/10/2023,1,4,0,37,['MEDI']
202300225,10/10/2023,1,7,1,51,"['ENGI', 'MATE']"
202300017,01/12/2023,1,8,0,85,"['MATE', 'ENGI']"
202300028,01/12/2023,1,7,3,76,['MULT']
202300010,01/12/2023,1,2,2,62,['BUSI']
202300222,15/10/2023,1,7,4,30,"['ENGI', 'ENER', 'ENVI']"
202300026,01/12/2023,1,7,3,73,['MEDI']
202300214,01/11/2023,1,6,0,29,['AGRI']
202300019,01/12/2023,1,7,2,74,['MULT']
202300213,01/11/2023,1,5,2,57,"['CENG', 'ENER', 'CHEM']"
202300021,01/12/2023,1,10,0,,['MULT']
202300003,10/12/2023,1,2,1,77,['ENVI']
202300231,01/10/2023,1,2,0,25,['ENVI']
202300209,01/11/2023,1,4,3,34,"['BIOC', 'ENVI']"
202300236,01/10/2023,1,7,3,52,"['CHEM', 'MATE']"
202300004,10/12/2023,1,8,5,65,"['AGRI', 'ENVI']"
202300200,01/11/2023,1,4,4,29,"['MATE', 'PHYS', 'ENGI']"
202300032,01/12/2023,1,6,1,51,['MULT']
202300238,01/10/2023,1,8,0,56,['NURS']
202300035,01/12/2023,1,6,1,92,['MULT']
202300207,01/11/2023,1,5,3,31,['PHYS']
202300095,01/12/2023,1,5,2,110,['MEDI']
202300253,01/10/2023,1,2,3,78,['SOCI']
202300061,01/12/2023,1,6,1,43,"['ENVI', 'CENG', 'ENGI']"
202300298,04/09/2023,1,13,1,,['MEDI']
202300066,01/12/2023,1,8,2,62,['MULT']
202300254,01/10/2023,1,14,0,20,['MEDI']
202300092,01/12/2023,1,5,1,97,['MEDI']
202300059,01/12/2023,1,10,1,86,['MULT']
202300050,01/12/2023,1,8,1,45,['MULT']
202300262,01/10/2023,1,6,2,75,"['ENVI', 'ECON']"
202300296,10/09/2023,1,2290,3,70,['PHYS']
202300291,13/09/2023,1,22,4,65,['IMMU']
202300265,01/10/2023,1,7,0,35,"['HEAL', 'MEDI']"
202300057,01/12/2023,1,33,3,56,['MULT']
202300068,01/12/2023,1,8,1,51,['MULT']
202300239,01/10/2023,1,10,1,291,"['BIOC', 'CENG', 'ENGI', 'MATE', 'PHAR']"
202300206,01/11/2023,1,8,1,27,"['ENVI', 'CHEM', 'MEDI']"
202300034,01/12/2023,1,1,1,22,['PSYC']
202300033,01/12/2023,1,8,4,81,['MULT']
202300201,01/11/2023,1,13,2,52,"['ENVI', 'CHEM', 'MEDI']"
202300208,01/11/2023,1,6,0,29,"['PHYS', 'CHEM', 'MATE']"
202300005,05/12/2023,1,4,1,115,['PHAR']
202300237,01/10/2023,1,7,1,86,['AGRI']
202300230,01/10/2023,1,5,1,88,['PHAR']
202300002,15/12/2023,1,8,0,35,['AGRI']
202300056,01/12/2023,1,4,2,57,['MULT']
202300264,01/10/2023,1,5,0,35,"['BIOC', 'ENGI', 'CHEM']"
202300290,13/09/2023,1,8,1,64,['CHEM']
202300069,01/12/2023,1,6,2,72,['DENT']
202300297,05/09/2023,1,37,3,,['MEDI']
202300263,01/10/2023,1,3,11,211,"['ENGI', 'MATE', 'COMP']"
202300051,01/12/2023,1,11,0,41,['MEDI']
202300093,01/12/2023,1,8,2,67,['MEDI']
202300255,01/10/2023,1,9,5,62,['CHEM']
202300067,01/12/2023,1,14,0,51,['MEDI']
202300058,01/12/2023,1,7,0,34,['SOCI']
202300060,01/12/2023,1,5,0,21,['DENT']
202300252,01/10/2023,1,3,0,67,['ENER']
202300094,01/12/2023,1,6,1,47,['DENT']
202300299,01/09/2023,1,4,0,31,"['BIOC', 'PHYS']"
202300112,01/12/2023,1,4,0,18,['MEDI']
202300115,01/12/2023,1,9,3,93,['MULT']
202300123,01/12/2023,1,4,9,49,['MULT']
202300124,01/12/2023,1,5,0,63,['MULT']
202300184,01/12/2023,1,9,6,49,['MULT']
202300170,01/12/2023,1,9,0,21,['MULT']
202300177,01/12/2023,1,8,6,81,['MULT']
202300183,01/12/2023,1,7,1,40,['MULT']
202300148,01/12/2023,1,4,3,21,['MULT']
202300141,01/12/2023,1,4,1,45,['MULT']
202300146,01/12/2023,1,8,1,27,"['HEAL', 'MEDI']"
202300179,01/12/2023,1,10,3,37,['MULT']
202300125,01/12/2023,1,7,4,74,['MULT']
202300122,01/12/2023,1,7,2,64,['MULT']
202300114,01/12/2023,1,3,2,26,['DENT']
202300113,01/12/2023,1,6,4,45,['MULT']
202300147,01/12/2023,1,13,3,38,['MULT']
202300178,01/12/2023,1,8,2,31,['MULT']
202300140,01/12/2023,1,2,1,21,['MEDI']
202300182,01/12/2023,1,12,4,31,['MULT']
202300176,01/12/2023,1,7,1,68,['MULT']
202300149,01/12/2023,1,4,5,34,['DENT']
202300171,01/12/2023,1,4,0,17,"['MEDI', 'NEUR', 'NURS']"
202300185,01/12/2023,1,7,1,71,['MEDI']
202300135,01/12/2023,1,4,0,,['MULT']
202300300,01/09/2023,1,3,0,67,"['ENER', 'ENGI', 'MATH']"
202300132,01/12/2023,1,11,1,90,['MULT']
202300104,01/12/2023,1,2,3,52,['MEDI']
202300103,01/12/2023,1,5,3,44,"['VETE', 'AGRI']"
202300168,01/12/2023,1,6,2,25,['MEDI']
202300157,01/12/2023,1,9,7,118,['MULT']
202300150,01/12/2023,1,7,2,37,['MULT']
202300159,01/12/2023,1,6,2,30,"['MEDI', 'HEAL']"
202300166,01/12/2023,1,3,7,56,['MULT']
202300192,29/11/2023,1,6,1,27,['MEDI']
202300195,15/11/2023,1,2,0,15,"['MATE', 'PHYS', 'ENGI']"
202300161,01/12/2023,1,18,6,29,['MULT']
202300102,01/12/2023,1,17,0,,['MULT']
202300105,01/12/2023,1,7,0,,['MULT']
202300133,01/12/2023,1,17,4,71,['MULT']
202300134,01/12/2023,1,2,0,40,['MULT']
202300160,01/12/2023,1,4,3,54,['ENER']
202300194,15/11/2023,1,6,0,92,['AGRI']
202300158,01/12/2023,1,5,3,56,"['MEDI', 'HEAL', 'NURS']"
202300193,25/11/2023,1,8,0,87,['ENVI']
202300167,01/12/2023,1,11,1,51,['MULT']
202300151,01/12/2023,1,8,3,125,"['SOCI', 'BIOC']"
202300169,01/12/2023,1,8,9,60,['MULT']
202300156,01/12/2023,1,8,4,48,['MEDI']
202300024,01/12/2023,1,8,3,41,"['MATH', 'COMP', 'SOCI', 'DECI']"
202300216,23/10/2023,1,6,0,49,"['CHEM', 'ENVI', 'BIOC']"
202300229,01/10/2023,1,7,0,12,['ENER']
202300211,01/11/2023,1,2,0,26,"['PHYS', 'ENGI', 'CENG']"
202300023,01/12/2023,1,7,0,18,"['CHEM', 'COMP', 'MATE']"
202300227,05/10/2023,1,3,6,57,"['BIOC', 'MATE', 'CHEM', 'CENG']"
202300015,01/12/2023,1,3,0,49,['DENT']
202300218,20/10/2023,1,4,6,34,"['PHYS', 'CHEM', 'CENG']"
202300012,01/12/2023,1,5,3,23,"['CHEM', 'MATE']"
202300220,15/10/2023,1,7,6,31,"['MATE', 'PHYS', 'ENGI']"
202300079,01/12/2023,1,4,1,22,['MEDI']
202300280,01/10/2023,1,1,0,94,['BUSI']
202300274,01/10/2023,1,9,14,66,"['CENG', 'MATE', 'ENER']"
202300046,01/12/2023,1,5,3,43,['AGRI']
202300041,01/12/2023,1,4,0,53,"['CHEM', 'COMP', 'MATE']"
202300273,01/10/2023,1,5,0,41,"['CHEM', 'AGRI']"
202300287,15/09/2023,1,7,24,91,['ENGI']
202300048,01/12/2023,1,13,0,46,['MULT']
202300077,01/12/2023,1,15,0,13,['MEDI']
202300245,01/10/2023,1,5,2,24,['CHEM']
202300083,01/12/2023,1,8,0,1,['MEDI']
202300289,15/09/2023,1,3,0,31,"['PHYS', 'ENGI', 'MATE']"
202300084,01/12/2023,1,8,0,62,['MULT']
202300242,01/10/2023,1,5,0,43,"['IMMU', 'MEDI']"
202300070,01/12/2023,1,6,1,35,['DENT']
202300221,15/10/2023,1,7,7,302,"['BIOC', 'ENVI']"
202300013,01/12/2023,1,4,2,65,"['BIOC', 'AGRI', 'ENGI', 'ENER']"
202300014,01/12/2023,1,4,0,56,['MULT']
202300226,09/10/2023,1,13,2,65,"['CHEM', 'ENVI', 'BIOC']"
202300219,15/10/2023,1,5,0,13,['MEDI']
202300022,01/12/2023,1,5,2,57,['MULT']
202300210,01/11/2023,1,4,1,34,"['CHEM', 'CENG', 'PHYS']"
202300217,20/10/2023,1,8,3,39,"['CENG', 'CHEM']"
202300025,01/12/2023,1,2,2,44,['DENT']
202300228,01/10/2023,1,7,0,29,"['VETE', 'AGRI']"
202300288,15/09/2023,1,10,1,42,['AGRI']
202300071,01/12/2023,1,6,1,98,['AGRI']
202300243,01/10/2023,1,6,2,58,"['BIOC', 'ENGI', 'ENVI', 'CENG']"
202300085,01/12/2023,1,3,0,46,['DENT']
202300049,01/12/2023,1,10,0,28,['MULT']
202300082,01/12/2023,1,12,5,81,"['CHEM', 'BIOC', 'PHYS']"
202300244,01/10/2023,1,6,0,34,"['CENG', 'SOCI', 'ENER']"
202300076,01/12/2023,1,4,3,27,['DENT']
202300286,15/09/2023,1,4,2,61,"['VETE', 'AGRI']"
202300272,01/10/2023,1,9,3,90,"['CENG', 'ENER', 'CHEM']"
202300040,01/12/2023,1,10,2,30,"['BIOC', 'IMMU', 'VETE', 'MEDI']"
202300078,01/12/2023,1,5,6,79,['MULT']
202300047,01/12/2023,1,6,2,65,['MULT']
202300275,01/10/2023,1,4,1,27,"['CENG', 'MATE']"
202300281,25/09/2023,1,9,8,41,"['ENGI', 'MATE']"
202300257,01/10/2023,1,5,1,47,['MEDI']
202300065,01/12/2023,1,7,2,60,['MULT']
202300091,01/12/2023,1,7,4,65,['MULT']
202300268,01/10/2023,1,8,4,35,['AGRI']
202300096,01/12/2023,1,3,0,53,['MULT']
202300062,01/12/2023,1,3,0,51,['MULT']
202300250,01/10/2023,1,7,0,50,"['PHAR', 'COMP', 'CHEM']"
202300292,10/09/2023,1,2300,0,74,['PHYS']
202300054,01/12/2023,1,4,0,53,['MULT']
202300266,01/10/2023,1,6,0,44,"['AGRI', 'BIOC']"
202300259,01/10/2023,1,2,1,45,"['COMP', 'ENGI']"
202300261,01/10/2023,1,4,1,43,"['CENG', 'ENVI']"
202300053,01/12/2023,1,2,0,183,"['MEDI', 'AGRI', 'PHAR']"
202300295,10/09/2023,1,6,3,58,"['ENER', 'ENVI', 'BUSI', 'ENGI']"
202300098,01/12/2023,1,8,13,68,['MEDI']
202300038,01/12/2023,1,7,1,71,['MULT']
202300007,01/12/2023,1,3,2,69,['MULT']
202300235,01/10/2023,1,14,1,,"['MEDI', 'IMMU']"
202300232,01/10/2023,1,9,5,233,['MEDI']
202300000,31/12/2023,1,2,1,48,['BIOC']
202300009,01/12/2023,1,8,2,35,['AGRI']
202300204,01/11/2023,1,3,1,77,"['ENGI', 'COMP']"
202300036,01/12/2023,1,8,1,37,"['CHEM', 'ENER', 'MATE']"
202300031,01/12/2023,1,7,4,63,['MULT']
202300203,01/11/2023,1,7,0,55,"['ENVI', 'CHEM', 'MEDI']"
202300294,10/09/2023,1,2326,2,48,['PHYS']
202300052,01/12/2023,1,3,1,33,['CHEM']
202300260,01/10/2023,1,7,1,42,"['ENGI', 'CHEM', 'EART']"
202300099,01/12/2023,1,2,0,63,['MEDI']
202300267,01/10/2023,1,8,1,73,"['MATE', 'PHYS', 'ENGI']"
202300055,01/12/2023,1,8,1,49,['MULT']
202300293,10/09/2023,1,2353,2,99,['PHYS']
202300258,01/10/2023,1,5,0,28,['MEDI']
202300251,01/10/2023,1,6,1,54,['ENGI']
202300063,01/12/2023,1,5,0,46,"['BUSI', 'COMP', 'SOCI', 'ECON']"
202300097,01/12/2023,1,12,0,88,['MEDI']
202300090,01/12/2023,1,7,0,57,['MULT']
202300064,01/12/2023,1,7,2,42,['DENT']
202300256,01/10/2023,1,1,0,,"['PHYS', 'MATE']"
202300269,01/10/2023,1,13,9,43,"['CHEM', 'CENG', 'PHYS']"
202300202,01/11/2023,1,4,1,52,"['MATE', 'PHYS']"
202300030,01/12/2023,1,9,1,55,['MULT']
202300008,01/12/2023,1,5,1,46,"['ENVI', 'PHAR']"
202300037,01/12/2023,1,8,0,61,['MEDI']
202300205,01/11/2023,1,6,2,72,['ENVI']
202300001,15/12/2023,1,7,0,70,['CHEM']
202300233,01/10/2023,1,5,1,15,"['PSYC', 'MEDI']"
202300039,01/12/2023,1,10,0,57,['ENVI']
202300234,01/10/2023,1,2,0,180,"['AGRI', 'SOCI', 'ENVI']"
202300006,05/12/2023,1,6,2,31,['PHAR']
202300174,01/12/2023,1,6,3,38,['DENT']
202300180,01/12/2023,1,8,7,65,"['MEDI', 'BIOC']"
202300187,01/12/2023,1,6,5,45,['MULT']
202300173,01/12/2023,1,4,1,36,['DENT']
202300145,01/12/2023,1,4,3,45,['MULT']
202300142,01/12/2023,1,4,1,22,['MEDI']
202300189,01/12/2023,1,6,3,49,"['BUSI', 'DECI']"
202300129,01/12/2023,1,6,5,23,['MULT']
202300116,01/12/2023,1,11,0,42,['MEDI']
202300111,01/12/2023,1,7,1,30,['MULT']
202300118,01/12/2023,1,22,4,73,"['CHEM', 'BIOC', 'PHYS']"
202300127,01/12/2023,1,8,0,,['MULT']
202300120,01/12/2023,1,3,2,59,['MULT']
202300143,01/12/2023,1,7,6,64,['MULT']
202300188,01/12/2023,1,20,5,49,['MEDI']
202300144,01/12/2023,1,10,4,55,['MULT']
202300172,01/12/2023,1,7,3,63,['MEDI']
202300186,01/12/2023,1,2,4,36,['MULT']
202300181,01/12/2023,1,12,2,36,['MULT']
202300175,01/12/2023,1,5,0,26,"['HEAL', 'MEDI']"
202300121,01/12/2023,1,6,3,38,['DENT']
202300119,01/12/2023,1,5,6,33,['DENT']
202300126,01/12/2023,1,6,2,72,['MULT']
202300110,01/12/2023,1,8,3,14,['MEDI']
202300128,01/12/2023,1,8,2,74,['MULT']
202300117,01/12/2023,1,9,7,62,['MULT']